Hiligaynon,English
Madasig sia mag-dalágan sa dalan.,He runs fast on the road.
Malipayon ang dalagíta nga nagahampang sa gwa.,The young girl playing outside is happy.
Indi ka mangin dalámhak sa sogo sang imo mga ginikanan.,Do not be disobedient to the commands of your parents.
Malimpyo ang dálan sa amon barangay.,The road in our barangay is clean.
Nagdálangdálang akú sa dálan.,I lost my way.
Nagdaláwat akú sang bugás.,I bought some rice.
Gindáldal ni María si Joséfa.,Maria talked against Josefa.
Ma-abot ako diri sa dalí’ lang.,I will arrive here immediately.
"Maghulat ka, maabot na ako sa dalí’ lang.","Wait, I will arrive in a little while."
Ang iya gugma sa iya pamilya ay dalísay.,His love for his family is pure.
Gindalú’ ku ang báta’ I caressed the child.,
Indi ka mangin dalúk sa imo mga kautoran.,Do not be selfish toward your siblings.
Nagdalúdu ang subá’.,The river flooded the area.
Dálum gid ang tubig sa sining suba.,The water in this river is very deep.
Ginpadalundunán ku sang ságing ang kárne sa ákun tutúnlan.,I ate a banana to push the piece of meat down my throat.
Nakabatyag sia sang damán kagáb'i.,He experienced a nightmare last night.
May daku nga damáng sa dingding sang balay.,There is a large spider on the wall of the house.
Ano ang imo dámgu para sa imo pamilya?,What is your dream for your family?
Nagdámhag ang báta’ sa salúg.,The child fell headlong on the floor.
Gindampigán ku si María.,I sided with Maria.
Dámu’ ang nakuha namon nga mga isda.,We got plenty of fish.
Ginhanda ni Tatay ang damúg para sa mga baboy.,Father prepared the pig food for the pigs.
Wala sing may gusto makig-upod sa tawo nga damuhál.,No one wants to associate with a person who is rude.
Dámul ang libro nga ginbasa ni Jose.,The book Jose read is thick.
Nadánlug akú.,I slipped.
Gindángat ni Mário ang Lunéta sa lakát.,Mario reached Luneta by walking.
Nag-dangúp kami sa amon lolo para sa bulig.,We appealed to our grandfather for help.
Masakit ang akon dapádapá sa sige lakad.,The soles of my feet hurt from walking all the time.
Dápat makúha’ nátun ang eksámin.,It is necessary that we take the examination.
May mga dápaw ang manok sa uma.,The chickens on the farm have fleas.
Nakita namon ang dapáy nga nagalupad sa langit.,We saw the hawk flying in the sky.
Malapit lang ang amon balay sa dapít sang simbahan.,Our house is just near the church.
Nagdáplus ang kutsílyo sa kamút ku.,The knife slid off my hand.
Nagdápu’ ang alibángbang sa búlak.,The butterfly alighted on the flower.
Nagaluto si Nanay sa dapúg.,Mother is cooking on the stove.
Nag-obra kami sang dáp’ung sa baybayon.,We made a bonfire at the beach.
Nagdápyus ang ti’íl ku sa lápuk.,My foot slid in the mud.
Maglakad ka sing dásig para indi kita ma-late.,Walk quickly so we won't be late.
Gindás’il si Ana sa higád pagka’aksidénte nilá.,Ana was thrown to the side when they had an accident.
Gindasúk ku ang mangá báyu’ sa maléta.,I filled the bag with clothes.
Indi mag-obra sing dasú’dasú’ nga desisyon.,Do not make an impulsive decision.
Kitaay kita sa dasún nga semana.,Let's see each other next week.
Pila ang imo da’úg sa hampang sang lotto?,How much are your winnings in the lotto game?
Nadá’ut ang reputasyón nya sang natabú’.,Her reputation was damaged after the incident.
Dáw sa mag-ulutod gid kamo kon lantawon.,You look similar to siblings when viewed.
Indi maayo ang mag-obra sang dáya’ sa kaupod.,It is not good to trick a companion.
Gusto ko mag-dayán sa plaza karon sa hapon.,I want to stroll in the plaza this afternoon.
Gindáyaw ang ímu trabáho sa eskwelahán.,Your work was commended in school.
Dayáw gid ang iya pamatasan sa mga tawo.,His behavior towards people is very vain.
Nagpadáyun ang Presidénte sa paghámbal.,The President went on speaking.
De motor ang íya barútu.,His canoe is motorized.
Debóto sia sang Mahal nga Birhen.,He is devout to the Blessed Virgin.
,
Nagdekora kamí sang baylíhan.,We decorated the ballroom.
Puti ang de’ílo nga ginsuksok niya sa okasyon.,The linen pants he wore to the occasion were white.
Nagsuksok sia sang delárgo pakadto sa obra.,He wore long pants to work.
Ang Pilipinas isa ka pungsod nga may demokrásya.,The Philippines is a country with democracy.
Indi magpati sa mga hambal sang demónyo.,Do not believe the words of the devil.
Nagkadto ako sa dentísta para pabutong sang unto.,I went to the dentist to have a tooth pulled.
Mag-andam kamo para malikawan ang desgrásya.,Be careful to avoid accidents.
Ano ang imo desisyón parte sa aton plano?,What is your decision regarding our plan?
Sa diin ang imo sunod nga destíno sa obra?,Where is your next work assignment?
Masadya ang bulan sang Desyémbre.,The month of December is happy.
Kari dí sa amon balay.,Come here to our house.
Manami ang debúhu sang imo punda.,The design of your pillowcase is nice.
Tan-awa ang kahulugan sang tinaga sa diksyonáryo.,Look at the meaning of the word in the dictionary.
"/mag-, -un/ to dictate, Nagdíkta ang ma’éstra sa kláse.",The teacher dictated in class.
Gingamit niya ang didál sa pag-panahi.,She used a thimble for sewing.
Kadto kamo sa dídtu nga dapit.,Go to that place over there.
Di’ín mo ginbutang ang akon mga libro?,Where did you put my books?
Dí’in sadtu nga mga balay ang inyo?,Which of those houses over there is yours?
Dí’in siná’ nga mga sapatos ang gusto mo?,Which of those shoes do you want?
Dí’in siní ang imo ginbakal nga libro?,Which of these is the book you bought?
Ginpaguwa sang bata ang iya díla’.,The child stuck out his tongue.
Nagdilántu ang ákun negósyo.,My business expanded.
Gindilápan akú sang idú’.,The dog licked me.
Gindíli’ ang paghabúy sang papél sa eskwelahán.,It was forbidden to throw paper around the school campus.
Nadímat ang turísta sang Lunéta.,The tourist was attracted to Luneta.
Matahum ang pintura sang amon díngding.,The paint on our wall is beautiful.
Dingút gid ang tawo nga indi maghatag.,The person who doesn't give is very stingy.
Ibutang ang mga gamit sa dirá’ sa lamesa.,Put the things there on the table.
Ang direktór sang eskwelahan maayo gid.,The school director is very good.
Pungko ka dirí sa akon kilid.,Sit here beside me.
Nagsulat sia sang isa ka diskúrso para sa graduation.,He wrote a speech for the graduation.
Nagdisgústo si María kay Ana.,Maria and Ana had a misunderstanding.
Gindisimulár naláng námun kay makahulúya’.,We tried to overlook it because it was shameful.
Importante ang disiplína sa pagtuon.,Discipline is important in studying.
Manami ang iya disprás sa kumpetisyon.,Her costume in the competition is nice.
Indi mo pag-i-dís’ug ang bata kay basi matumba.,Do not jostle the child because he might fall.
Nakita ko ang diwál sang ido samtang nagainom.,I saw the dog's lapping tongue while drinking.
Ang mga tigulang nagapati sa diwáta’.,The elders believe in fairies.
Malipayon nga díyas sa imo!,Happy birthday to you!
Dóble ang akon ginbayad sa nag-obra.,I paid the worker double.
Maayo ang doktór nga nag-atipan sa iya.,The doctor who cared for him is good.
Nagahampang si Dódong sa kilid sang balay.,Dodong (the young boy) is playing beside the house.
Magapahuway kami sa balay sa Domínggo.,We will rest at home on Sunday.
Kobradór ang íya tátay.,His father is a collector.
Naga-istar sia sa dormitóryo lapit sa eskwelahan.,He stays in a dormitory near the school.
Nagbakal ako sang isa ka doséna nga itlog.,I bought one dozen eggs.
Masanag ang du’ág sang langit subong.,The color of the sky is bright today.
Nagdú’aw kamí kay Mariáno sa ospitál.,We visited Mariano in the hospital.
Nagduká’ akú sa síni.,I felt drowsy in the movie.
Nagdúkduk silá sang ma’ís.,They ground some corn.
Nag-dukú’ sia para puluton ang lapis sa salog.,He stooped down to pick up the pencil on the floor.
Gintago niya ang importante nga dukuménto sa kahon.,He hid the important document in the box.
I-dukút ang imo litrato sa papel.,Paste your photo on the paper.
Wala na ako sing dúda sa iya ginhambal.,I have no more doubt about what he said.
Matam-is ang dúga’ sang tubo.,The juice of the sugarcane is sweet.
May dúgang nga bayad kon gusto mo sang ekstra nga kan-on.,There is an additional charge if you want extra rice.
Pila ka oras ang imo gin-dúgay sa dalan?,How long (hours) did you spend on the road?
Dugáydugáy nagabalik sia sa amon balay.,He returns to our house frequently.
Gin-dúgkal niya ang kawayan sa duta.,He thrust the bamboo into the ground.
Naghugot ang iya dúghan tungod sa kalisud.,His chest tightened because of sorrow.
Gindúgmuk ku ang pildorás.,I crushed the tablet.
Nakita ko ang dugú’ sa iya kamot.,I saw the blood on his hand.
Nagdúguk akú sa kasál.,I took part in the wedding procession.
Ang dugús ay maayo para sa ubo.,Honey is good for a cough.
Matahum ang dúgwak nga nagalangoy sa punong.,The swan swimming in the pond is beautiful.
Nag-dúhadúha sia nga ibaligya ang iya duta.,He hesitated to sell his land.
Gindúhul sang kartéro ang sulát.,The mailman delivered the letter personally.
Nadúla’ ang síngsing.,The ring got lost.
Madamo nga tawo ang naga-obra sa dúlang.,Many people are working in the mine.
Nagdulhug ang báta’.,The child slid down.
Nagdúlingdúling si Pédro pa’úli’.,Pedro staggered home.
Nagdúlug ang dyip sa baláy.,The jeepney stopped at home.
Ma-dulúm na sa gwa gani magsulod na kamo.,"It is already dark outside, so come inside."
Ara sa dulúnan sang banwa ang amon balay.,Our house is at the boundary of the town.
Nagpadúlung si José sa eskwelahán.,Jose went in the direction of the school.
Gindúl’ung ni Juán ang padalá sa íya.,Juan delivered what was sent through him.
Masakit ang akon dulúnggan tungod sa katunog.,My ear hurts because of the loud noise.
Naghatag sila sang dúlut sa simbahan.,They gave an offering to the church.
Mahilig ang bata magkaon sang dúlsi.,The child loves to eat candy.
Ang bag-o nga opisyal ang ma-dumála sang programa.,The new official will manage the program.
Nagdúmdum akú nga mabú’ut si Senén.,I thought Senen was good.
Gindumíli ang paghabúy sang papél.,The throwing of paper was prohibited.
Nag-dúmug ang duha ka bata sa kilid sang dalan.,The two children wrestled on the side of the road.
Madamo sing dumulú’ung nga nagabisita sa Boracay.,Many foreigners visit Boracay.
Gindúmtan si Manuél sang mangá táwu.,Manuel was begrudged by the people.
Indi na pwede kaunon ang dunút nga saging.,The rotten banana can no longer be eaten.
Maglakat kita sing dúngan pakadto sa eskwelahan.,Let's walk together to school.
Nagdúngka’ ang bapór.,The boat has docked.
Nagdúnglay ang báta’ sa a bága ku.,The child inclined his head on my shoulder.
Nagdungúk akú.,I looked down.
Importante nga amligan naton ang aton dungúg.,It is important that we protect our honor.
Gindúpla’ ku ang bulúng.,I spit the medicine.
Nagdúsdus akú sang kalukálu.,I mixed the fried rice together.
Nadúsmu’ akú pagdalágan.,I stumbled while I was running.
I-dusú’ ang lamisa pakadto sa pirtahan.,Push the table towards the door.
Matambok ang dúta’ sa amon uma.,The soil on our farm is fertile.
Matahum ini nga dú’ug para magpahuway.,This location is beautiful for resting.
Nadula ang dú’ul sang botelya sang bino.,The cork of the wine bottle is lost.
Nagakatulog ang bata sa sulod sang dúyan.,The child is sleeping inside the hammock.
Dúyu gid ang iya nawong sang nabatian niya ang balita.,His face was very dejected when he heard the news.
dyés num ten.,
Puno na ang dyíp nga amon ginsakyan.,The jeepney we rode is already full.
Magpangamuyo kita sa Dyús nga makagagahum.,Let us pray to God the Almighty.
Dyútay lang ang akon nakuha nga isda kaina.,I only caught a small amount of fish earlier.
Ginbasa sang pari ang ebanghélyo sa misa.,The priest read the gospel during the mass.
Natabo ang eklípsi sang adlaw sang nagligad nga tuig.,The solar eclipse happened last year.
Mabudlay ang amon eksámin sa eskwelahan subong.,Our examination at school today is difficult.
Pareho kita sang edád.,We are of the same age.
"Eh, wala na ako sing mahimo dira.","Oh, I can't do anything about that anymore."
Madamo nga tawo ang magaboto sa eleksyón.,Many people will vote in the election.
"embalsamár v /mag-, -un/ to embalm.",
Namit ang meat empanáda nga ginluto ni Lola.,The meat native pie Grandma cooked is delicious.
Isa sia ka maayo nga empleyádo sang gobyerno.,He is a good government employee.
Nagbakal sia sang bulong para sa iya empýene.,He bought medicine for his ringworm.
Sa bulan sang Enéro ginasahiwat ang amon piesta.,Our fiesta is celebrated in the month of January.
Gusto niya mangin enhenyéro pagdako niya.,He wants to be an engineer when he grows up.
Nagkaon kami sang preska nga ensaláda kaina.,We ate a fresh salad earlier.
Nagsaka ang manug-amba sa entabládo.,The singer went up the stage.
Nag’éntra akú sa prográma.,I participated in the program.
Na’intyendihán ku ang íya bu’út silingún.,I understood what he wanted to say.
Basuréro si Ricárdo.,Ricardo is a garbageman.
Madasig maglupad ang eropláno sa kahawaan.,The airplane flies fast in the sky.
Daku nga eskándalo ang natabo sa ila pamilya.,A big scandal happened in their family.
Naglusot sia sa madulom nga eskiníta.,He passed through the dark alleyway.
Gingamit niya ang eskóba para limpyohan ang sapatos.,He used the brush to clean the shoes.
Bantug ang eskultór nga nag-obra sini nga rebulto.,The sculptor who made this statue is famous.
Madamo nga eskwéla ang nag-absent subong nga adlaw.,Many students are absent today.
Malapit lang ang amon balay sa eskwelahán.,Our house is just near the school.
Makahaladlok ang eséna sa sining pelikula.,The scene in this movie is scary.
Malaba kag matalom ang espáda sang soldado.,The soldier's sword is long and sharp.
Gusto ko magbiyahe sa Espánya balang adlaw.,I want to travel to Spain someday.
Ang amon lolo nakahibalo maghambal sang Espanyól.,Our grandfather knows how to speak Spanish.
Ang espíritu sang Paskwa ara na gid sa palibot.,The spirit of Christmas is truly around.
Nadakpan sang mga pulis ang isa ka espíya.,The police caught a spy.
Gamita ang espóngha sa paghugas sang mga pinggan.,Use the sponge for washing the plates.
Nakaistar ako sa estádo sang California sang una.,I lived in the state of California before.
Unídos,
Puno sang mga libro ang amon estánte.,Our bookcase is full of books.
Nag’estar kamí sa Iloílo sang ísa ka tú’ig.,We lived in Iloilo for a year.
Maghulat ka sa amon sa estasyón sang bus.,Wait for us at the bus station.
"estranghéro n foreigner, stranger.",
Ang mga estudyánte nagapamati sing maayo sa maestra.,The students are listening well to the teacher.
Bag-o ang fálda nga ginsuksok sang bata.,The skirt worn by the child is new.
Malipayon ang amon pamílya diri sa probinsya.,Our family is happy here in the province.
Ang adlaw sang mga tagipusuon ginasahiwat sa Febréro.,Valentine's day is celebrated in February.
Ibutang ang mga preska nga bulak sa floréra.,Put the fresh flowers in the flower vase.
Matahum ang mga makasaysayan nga lugar sa Fránsya.,The historical places in France are beautiful.
Nagtanom si Lolo sang gábi sa likod sang balay.,Grandpa planted taro at the back of the house.
Madulom gid ang gáb’i kon wala sing bulan.,The night is very dark when there is no moon.
Ang gabinéte sang presidente naghiwat sang miting.,The president's cabinet held a meeting.
Indi magsakay sa baruto nga gabúk ang kahoy.,Do not ride in a canoe with rotten wood.
Gingábut ku ang hilamún.,I pulled the weed.
Gingáhit ku ang mangá hilamún sa dálan.,I cut off the grass on the path.
Magáhud ang mga salakyan sa gwa sang balay.,The vehicles outside the house are noisy.
Ang hari may daku nga gahúm sa iya nasasakupan.,The king has great power over his territory.
Gingá’id ku ang ang kárbaw sa póste.,I tied the carabao to the post.
Naggálab ang mangungúmaqsang humáy.,The farmer gathered rice.
Galánte sia sa pag-atipan sang iya mga bisita.,He is gallant in taking care of his guests.
Nagbuong ang galapún sang mahulog ini sa salog.,The bottle broke when it fell on the floor.
Magkuha ka sang galatúng para magamit sa dapog.,Get some firewood to use in the stove.
Ikaw galí’ ang nagkuha sang akon lapis kaina.,So it was really you who took my pencil earlier.
Gingáling ku ang karne.,I ground the meat.
Gindala nila ang inani nga palay sa galingán.,They brought the harvested rice to the mill.
Nagbakal ako sang isa ka galón nga tubig mainom.,I bought one gallon of drinking water.
"Maitum ang mga gál’um sa langit, daw maulan.","The rain clouds in the sky are black, it seems it will rain."
Namit ipares ang galyétas sa mainit nga kape.,Crackers are delicious paired with hot coffee.
Gamáy pa ang akon manghod nga lalaki.,My younger brother is still small.
Madamol ang gámhun sa bukid kaina sang aga.,The fog was thick on the mountain earlier this morning.
Nag-gámit sia sang martilyo para itaud ang lansang.,He used a hammer to install the nail.
Mahumok ang tela nga gamósa sang iya bag-o nga bayo.,The velvety fabric of her new dress is soft.
May natabo nga gamú sa tunga sang duha ka pamilya.,A conflict happened between the two families.
Madalom gid ang gamút sang sining daku nga kahoy.,The roots of this large tree are very deep.
Wala ako sing gána magkaon subong tungod sa hilanat.,I don't have an appetite to eat now because of the fever.
Daku ang amon ganánsya sa pagbaligya sang mga prutas.,Our gain in selling the fruits is large.
"In fact, I have not read because I did not have time.; therefore, so that, so… Gáni’ makádtu nalanǵ kamí.",Therefore we will go.
Gingánit ku ang mangá putí’ kung buhúk.,I pulled my white hairs.
Hatagi ako sang isa ka gántang nga bugas.,Give me one ganta of rice.
Puno na ang gantángan sang ginpa-galing nga bugas.,The measuring box is already full of milled rice.
Ang matahum nga gánsa nagalangoy sa punong.,The beautiful goose is swimming in the pond.
Magansál ang tunog sang radyo sang amon silingan.,The sound of our neighbor's radio is deafening.
Gingánuy ku ang báka pa’uli’.,I dragged the cow home.
Gin-kandaduhan nila ang ganghá’an sang umahan.,They padlocked the gate of the farm.
Gingápas námun ang mangá púnu’ sang ságing.,We cut down the banana plants.
Gingápus si Juán sang mangá tulisán.,Juan was bound by the robbers.
Naggárab akú sang humáy.,I cut some rice.
Gingará’ si Ágnes ni Márta sa síni.,Martha persuaded Agnes to go to the movie with her.
Ibutang ang awto sa sulod sang garáhi kay nagaulan.,Put the car inside the garage because it's raining.
May isa ka tuig nga garantíya ining bag-o nga tv.,This new TV has a one-year guarantee.
Nadakpan sa ulihi ang garúk nga pulitiko.,The corrupt politician was caught eventually.
Magarút nga tawo ang naga-istar sa pikas balay.,A rowdy person lives in the other house.
Madamo kami sang gástos para sa balayran sa kuryente.,We have many expenses for the electricity bills.
Butangi sang gatá’ ang linuto nga gabi para mas namit.,Put coconut milk in the cooked taro so it's more delicious.
Ang bata nagainom sang gátas sa botelya antes magtulog.,The baby drinks milk from the bottle before sleeping.
Mahanghang ang gatúmbal nga nadugang sa sud-an.,The pepper added to the dish is spicy.
I-gátung ko ining mga uga nga sanga sa dapog.,I will burn these dry branches as firewood in the stove.
May isa ka gatús ka pesos pa ako nga nabilin.,I still have one hundred pesos left.
Gingamit niya ang ga’úd para mag-andar ang sakayan.,He used the paddle to make the boat move.
Gingáwad ku ang ginprénda kung síngsing.,I redeemed my pawned ring.
Butangi sang gáwgaw ang linabhan nga bayo para magpilit.,Put starch on the washed clothes to make them stiff.
Magayún gid ang dalaga sa iya ginasuksok nga bisti.,The young lady is very gorgeous in the dress she is wearing.
Madamo nga inosente nga tawo ang napatay tungod sa géra.,Many innocent people died because of the war.
Naggíkan iní sa Mindanáo.,This came from Mindanao.
Daku gíd ang akon pasalamat sa inyo bulig.,My gratitude for your help is very big.
Ikaw gihápun ang akon pinakasuod nga abyan.,You are always my closest friend.
Gingíhu’ ku ang lamésa.,I moved the table.
Dal-a ang pasyente sa ospital sa gilayún.,Bring the patient to the hospital immediately.
Ginbása ku ang sulát.,I read the letter.
Ginabása ku ang sulát.,I am reading the letter.
Ginasulatán ku sya.,I am writing to him.
Ginsulatán ku sya.,I wrote to him.
Namit gid ipares ang ginamús sa hilaw nga mangga.,Fish sauce is very delicious paired with green mango.
Mabug-at ang iya ginháwa tungod sa hapo.,His breath is heavy because of asthma.
Kinahanglan naton palanggaon ang aton mga ginikánan.,We need to love our parents.
Magín’ut ang panahon subong nga hapon.,The weather is warm this afternoon.
"Maayong aga sa imo, ginú’u.","Good morning to you, sir."
Magpasalamat kita sa kaayo sang aton Ginú’u.,Let us give thanks to the goodness of our God.
Gingisá sang kusinéro ang áhos kag sibúyas.,The cook sauted the garlic and the onions.
Gisa ang karne nga may lakot nga gisántes.,Saute the meat mixed with peas.
Gingísi’ ni Líto ang papél.,Lito tore the paper.
Gingíray sang babáyi ang dáhun.,The woman cut the banana leaf into smaller pieces.
Manami sia magtokar sang gitára kon may okasyon.,He plays the guitar well when there is an occasion.
Grábe ang sakit nga ginabatyag niya sa iya tiyan.,The pain he is feeling in his stomach is serious.
Mataas gid ang akon grádo sa English subong nga tuig.,My grade in English is very high this year.
Ma-grádwar na sia sa kolehiyo sa dason nga tuig.,He will graduate from college next year.
Ginatun-an namon sing maayo ang gramátika sang Ingles.,We are studying English grammar well.
May grása ang iya kamot halin sa pagkay-o sang makina.,His hands have grease from fixing the machine.
Daku gid nga grásya ang pag-abot sang ulan.,The arrival of rain is a very big blessing.
Ang pagkaon sa piesta ay grátis para sa tanan.,The food at the fiesta is free for everyone.
Saraduha ang grípo kon wala na ginagamit.,Close the faucet when it's no longer in use.
Ang mga gruméte sang barko naga-preparar sa pag-layag.,The ship's crew is preparing for the voyage.
Isa lang kami ka grúpu sa amon proyekto.,We are only one group for our project.
Gingubá’ námun ang baláy.,We demolished the house.
Nakita namon ang isa ka gubán sang mga negosyante.,We saw a caravan of merchants.
Madamo ang nag-antos tungod sa gúbat.,Many suffered because of the war.
Ang gúgma sang iloy wala sing katapusan.,A mother's love has no end.
Gingúhab ku ang díngding.,I tore the wall down.
"Sa sining gúlang, dapat responsable ka na.","At this age, you should be responsible already."
Gingúlgul ku ang lí’ug sang manúk.,I cut off the neck of the chicken.
Gingúlub sang mananáhi’ ang téla.,The dressmaker cut the cloth.
Gingulút ku ang téla.,I cut the cloth.
Kinahanglan na islan ang gúma sang sining bisiklita.,The tire of this bicycle needs to be changed.
Gin-gúmuk ko ang papel sa akon kamot.,I crushed the paper in my hand.
Gingúmun sang kuríng ang hílu.,The cat entangled the thread.
Gamita ang matalom nga gúnting sa pag-utod sang tela.,Use the sharp scissors for cutting the fabric.
Nagsuksok sia sang itum nga gúra.,He wore a black cap.
Nag-guráb ang hardinero sang hilamon sa ugsaran.,The gardener pulled out some grass in the yard.
Gingurípat ku si Noél kay sutíl.,I boxed Noel’s ears because he was naughty.
Gústo ko magkaon sang panyaga sa gwa.,I want to eat lunch outside.
Nasalapay ang iya gúsuk sang sia nahulog.,His rib was hit when he fell.
Gingúlpi nya akú ka’ína.,He jolted me a while ago.
Gingúlu’ ku ang ákun túdlu’ sa galapún.,I put my finger inside the bottle.
Gingútrab ku ang téla.,I cut the cloth.
Gutúk na ang sapatos sang bata.,The child's shoes are already tight.
Nabatyagan ko ang gútum pagkatapos sang obra.,I felt hunger after work.
Naggúyud akú sang kánding.,I pulled a goat.
Maghulat ka sa gwá’ sang pirtahan.,Wait outside the door.
Gwápo gid sa iya.,he's handsome
Nagháblug si Mário sang dúyan.,Mario was swinging the swing to and fro.
Ginhábnus sang makáwat ang báskit sang babayi.,The thief snatched away the basket of the woman.
Naghábuk ang lóbo.,The balloon was inflated.
Naghábug ang báta’ sa dúyan.,The child is swinging.
"habúl adj /ma-/ of edged or pointed tools, dull, blunt.",
Gamit ka sang habón sa paghugas sang imo kamot.,Use soap for washing your hands.
Indi mo pag-habúy ang basura sa suba.,Do not throw the trash into the river.
"hakáb adj ravenous, greedy.",
Nagháklu’ akú sang láb’as nga hángin.,I inhaled fresh air.
Nag-hákruy sia tungod sa kabug-at sang obra.,He complained because of the heaviness of the work.
Nagkuha sia sang isa ka hákup nga bugas.,He took one handful of rice.
Hatagi ako sang mainit nga hakús.,Give me a warm embrace.
Ginhákut námun ang ámun mangá kárga.,We transported out bags.
Naghákwat kamí sang ámun líbro.,We carried our books.
Ang hádluk ang nagpugong sa iya sa paglakat.,Fear prevented him from going.
Ginhágad ni Córa akú sa íla baláy.,Cora invited me to their house.
Ginhágbas sang táwu ang hilamún.,The man cut the grass.
Halong sa pagsaka sa hagdan.,Be careful climbing the stairs.
Naghágis si Rosíta sang rósas.,Rosita trimmed the rose plant.
Nag-hágmak sia sa kalsada kaina.,He fell down on the road earlier.
Ginhagúphágúp ku ang ákun kuríng.,I patted my cat.
Halá ka!,See what you did!
Naghálab ang báka.,The cow pastured.
Mabatian ang iya halákhak sa bilog nga balay.,Her laughter can be heard throughout the house.
Ining kanta ay ang akon hálad para sa inyo.,This song is my offering for you.
Naghaláy ang labandéra sang mangá linábhan nya.,The laundrywoman hung her wash.
Ginhál’id ku ánay ang mangá papél sa higád kay ári na ang bisíta.,I hurriedly put the papers aside because the visitor is already here.
Human sa matig-a nga kahoy ang halígi sang balay.,The pillar of the house is made of hard wood.
Maghatag ka sang halimbáwa’ sang isa ka maayo nga buhat.,Give an example of a good deed.
Naghalín akú sa opisína.,I came from the office.
Naghálin kamí sang baláy.,We moved to another house.
Yari na sia sa ikatatlo nga halíntang sang iya pagtuon.,He is already at the third grade of his studies.
Ginhalítan sang úlud ang tanúm.,The worm has damaged the plant.
Namit ang halíya nga hinimo sang akon iloy.,The coconut jelly made by my mother is delicious.
Gamita ang hál’u sa pag-durog sang mga panamas.,Use the pestle to crush the spices.
Ginhálu’ ku ang mangá útan.,I mixed the vegetables together.
Nakakuha sila sang daku nga halu’án sa punong.,They caught a large freshwater fish in the pond.
Naghatag sia sang halúk sa iya lola.,He gave a kiss to his grandmother.
Ginhalúnhun sang laláki ang isá ka ságing.,The man swallowed one whole banana.
I-hálung mo ining baso kay mabuong ini.,Handle this glass with care because it might break.
Ginhámak ni Márcos ang gobernadór.,Marcos scorned the governor.
Maayo ang iya hámbal sa publiko.,His public speech is good.
Naghámbuy si Lóurdes sa abága ku.,Lourdes supported herself on my shoulder.
Ginhámpak ang sutíl nga báta’ sang íya amáy.,The naughty child was beaten by his father.
Malipayon ang mga bata nga naga-hámpang.,The children are happy while playing.
Ano ang paborito mo nga hampángan?,What is your favorite toy?
Ibutang ang hámpul sa iya pilas.,Put the plaster on his wound.
Nahámtang ang baláy sa ma’ayung lugár.,The house is in an ideal location.
Nagpakita sia sang hámtung sa iya mga desisyon.,He showed maturity in his decisions.
"hamút adj /ma-/ sweet smelling, fragrant, odorous.",
Nahumú’ut ang Lólo sa íya mangá apú.,The Grandfather was pleased with his grandchildren.
Ginhámyang ang patáy sa punerárya.,The body lay in state at the funeral parlor.
Naghánas ang mangá soldádo.,The soldiers drilled.
Naghánda’ silá sang madámu’ nga pagká’un.,They prepared so much food.
Ang akon hándum ay mangin manunudlo.,My ambition is to be a teacher.
Magpahuway kita sa hándung sang kahoy.,Let's rest in the shade of the tree.
Ang iya handuráwan ay puno sang mga handum.,Her daydream is full of wishes.
Gin-hándus niya ang kawayan sa duta.,He thrust the bamboo into the ground.
Nag-haníg ako sang dahon sang saging sa kalaha.,I lined the pan with banana leaves.
Ginhántal ku ang káhuy sa idálum sang baláy.,I piled the wood under the house.
Nahántup ku ang silíng mu.,I understood what you said.
Ang hánut sang hangin ay mabaskog subong.,The lash of the wind is strong now.
Nag-hangád sia sa katahum sang bulan.,He looked up at the beauty of the moon.
Nanghángbas ang hardinéro san hilamún.,The gardener cut the grass.
Ginbaton niya ang hángkat sang iya kontra.,He accepted his opponent's challenge.
Ginhángdu’ ku ang imbitasyón.,I accepted the invitation.
Mabugnaw ang hángin halin sa dagat.,The wind from the sea is cool.
Nahangúp ku ang silíng nya.,I understood what he said.
Naghángus sya pag’abút nya.,He was panting when he arrived.
Naghapá’ ang pári’ sa áltar.,The priest prostrated before the altar.
Ginhapáwan sang tindéro ang bugás.,The salesman skimmed the top of the rice.
Nag-hápay ang mga tanom tungod sa bagyo.,The plants bent low because of the storm.
Isli ang hapi’n sang bata.,Change the baby's diaper.
Ginhápit námun si Ána.,We passed by for Ana.
Ginháplak ku ang dáhun sang ságing sa lamésa.,I put the banana leaf flat on the table.
Ginhaplasán ku sang Vicks ang likúd nya.,I rubbed Vicks vaporub on his back.
Ginháplay ni Cecile ang íya buhúk.,Cecile let her hair hang down her back.
Ginháplik ku ang basá’ nga papél.,I flicked the wet piece of paper.
Gin-háplit sang hangin ang amon payag.,The wind struck our hut.
I-háplus ang bulong sa iya masakit nga lawas.,Rub the medicine on his aching body.
Gin-hápu’ sia pagkatapos sang malaba nga dalagan.,He was exhausted after the long run.
Gusto ko magkadto sa Hapún.,I want to go to Japan.
Maayong hápun sa inyo tanan.,Good afternoon to all of you.
Ang hára ay nagasuksok sang bulawan nga korona.,The queen is wearing a gold crown.
Mabatian ang iya harákhak sa gwa sang kwarto.,His guffaw can be heard outside the room.
May nag-harána sa dalaga kaina sang gab-i.,Someone serenaded the young lady last night.
"harásharás adj harsh in manner, lacking in social refinement.",
Madamo sang matahum nga bulak sa amon hardín.,There are many beautiful flowers in our garden.
Ang hári’ ang nagapamuno sa sining ginharian.,The king rules this kingdom.
Kinahanglan namon sang harína para sa cake.,We need flour for the cake.
Preska ang harúput sang hangin diri sa bukid.,The breeze here in the mountain is fresh.
Gin-harúthut ko lang ang gisi nga bayo.,I just stitched the torn dress in big stitches.
Ang iya hátag ay daku gid nga bulig sa amon.,His gift is a very big help to us.
Ginhatúkhatúk ku sang kutsílyo ang púnu’ sang ságing.,I cut the banana trunk with a knife several times.
Ginhatúd ku ang pakéte nya.,I delivered her package.
Nagháwa’ ang mangá táwu pára maka’ági ang bisíta.,The people cleared the way for the visitor.
May sinturon sia sa iya háwak.,He has a belt on his waistline.
Nagháwan kamí sang hardín.,We cleaned the garden.
Ginháw’as ku ang ma’ínit nga túbig sa dapúg.,I removed the hot water from the stove.
Naghawáthawát ang ginháwa ku magka’ún sang páhu’.,I craved to eat mangoes.
Ginhawíran ku ang ákun amíga.,I asked my friend to stay.
"háyag adj /ma-/ bright, shiny.",
Naga-lupad ang hayáhay sang Pilipinas.,The Philippine flag is flying.
Naghayáw akú sang kamút nga tú’u.,I raised my right hand.
Nag-háyhay sia tungod sa iya kapoy.,He sighed because of his tiredness.
Ginháylu ku si Arnáldo nga magkánta.,I convinced Arnaldo to sing.
Ano ang hayú’ mo sa imo abyan?,What is your pet name for your friend?
Palangga ko ang amon mga háyup sa uma.,I love our animals on the farm.
Nagreport ang mga pulis sa ila héfe.,The police reported to their chief.
Ang henerál ang nagmando sa mga soldado.,The general commanded the soldiers.
Nagbakal sia sang isa ka heneró nga tela.,She bought a bale of cloth.
Gingamit sang nars ang heringílya para sa injection.,The nurse used the syringe for the injection.
Makahibalú kitá sang balíta’ bwas.,We will know the news tomorrow.
Indi na mag-hibí’ kay maabot na si Nanay.,Don't cry anymore because Mother is coming.
Naghibubún’ut si María sang hibí’.,Maria convulsively cried.
Ginhíkap no José ang kamút ni María.,Jose touched the hand of Maria.
Wala sing lugar ang híkaw sa tunga sang mag-abyan.,There is no place for envy between friends.
Naghíkay si Ángela kay José.,Angela despised Jose.
Namit ang inyo híkut para sa amon panyaga.,Your cooked food for our lunch is delicious.
Nagapangamuyo kami para sa hidá’it sang pungsod.,We are praying for the peace of the country.
Nabatyagan ko ang hídlaw sa akon pamilya.,I felt a longing for my family.
"Sa istorya, may daku nga higánte sa bukid.","In the story, there is a big giant on the mountain."
"Sa sining higayún, kinahanglan naton magbinuligay.","In this circumstance, we need to help each other."
Puno sang hígku’ ang imo chura.,Your face is full of dirt.
Naghígda’ akú.,I laid down.
See gúgma.,
Ginhígup ku ang sabáw.,I slurped the soup.
Gamita ang higút para itaming ang kahoy.,Use the rope to tie the wood.
Nanghilabút sya sa indí’ nya probléma.,She meddled in other people’s problems.
Nahílak si María maggástos.,Maria hesitates to spend too much.
Madamo na sing hilamún sa ugsaran.,There is a lot of grass in the yard now.
Naghilám’us si José.,Jose washed his face.
May mataas sia nga hilánat kaina sang aga.,He had a high fever this morning.
Nag-hílap si Maria sang karne para sa nilaga.,Maria cut the meat for the stew.
Nag-hiláy sia sa pader samtang nagahulat.,He leaned on the wall while waiting.
Pula ang hílu nga gingamit sa pagtahi.,The thread used for sewing is red.
Delikado ang hilú’ sang sining bitin.,The poison of this snake is dangerous.
Ginhíl’ub ku ang talámnan.,I finished planting the field.
Nahíl’um ni Nánay ang natabú’.,Mother guessed what happened.
Ang hílut ang nagbulig sa pagbata sang iya iloy.,The midwife helped in her mother's delivery.
Ang himáya’ ay para sa aton Manunubos.,Glory is for our Redeemer.
"hímpit adj perfect, faultless.",
Mag-hímu kita sang plano para sa dason nga semana.,Let's make a plan for next week.
Ang daku nga himúd’us ay nagadala sang kalapusan.,Great effort brings success.
Naghimúlat si Manuél nga makabakál sang áwto.,Manuel strove to buy a car.
Ginhimulbulán ku ang manúk.,I plucked the feathers off the chicken.
Indi maayo ang mag-himulús sa iban.,It is not good to take advantage of others.
Ginhímus sang mutsátsa ang hampángan sang mangá báta’.,The maid put away the toys of the children.
Ginhimutáran ku gid ang báyu nya nga mahál kunú.,I scrutinized the dress she claimed to be very expensive.
Ang iya himutígun ay wala ginbaton sang hukmanan.,His denial was not accepted by the court.
Palangga ko gid ang akon mga hináblus.,I really love my nieces and nephews.
Nag-hinákay kami sang dyip para sa amon outing.,We rented a jeepney for our outing.
Hináli’ sia nga naghalin nga wala sing paathag.,He left abruptly without any explanation.
Naghinámput na ang mangá bisíta.,The guests have arrived.
"I washed my hands in the faucet hínay adv slowly, gently.","adj /ma-/ slow, weak, tender."
I-hínis mo sing maayo ang salog.,Rub the floor well.
Daku ang iya hinúlsul sa iya nahimo nga sala.,His repentance for the sin he committed is great.
Naghinun’ánun akú kay Tátay tungúd sa polítika.,I discussed politics with my father.
Naghingabút si Cárlos sa katapusán nga byáhe sang bus.,Carlos tried to catch the last trip of the bus.
Ginhingagáw ku nga matápus ang trabáho sa Marso.,I tried to finish the work by March.
"Ginhingánlan nilá ang báta’ sang, Elísa.",They called the baby Elisa.
Naghingamú si José nga mangín pangúlu.,Jose strove to become a president.
,
Naghingapús na si Gil sa íya pagtu’ún.,Gil has finished studying already.
Naghingí’ki’ si Lóla.,Lola cleaned her teeth.
Naghingukú si Lucílle.,Lucille manicured her nails.
Sako kami sa hingúyang sang pagkaon para sa piesta.,We are busy with the food preparation for the fiesta.
Naghíngyu’akúng makádtu sa Cebú.,I planned on going to Cebu.
Maayo kami sang akon hípag.,My sister-in-law and I are on good terms.
Gintubuan sia sang hísa sa iya abyan.,She grew envious of her friend.
Naghisáyud akú sang pláno.,I asked about the plan.
Napilas ang iya híta’ sa paghampang.,His thigh was wounded playing.
Ginhitad ku ang papél.,I smoothed out the paper.
Hatagi ako sang isa ka híwa’ nga prutas.,Give me one slice of fruit.
Ginhíwat nya ang íya ka’adláwan.,She celebrated her birthday.
Ang mga bata amo ang amon pinakamahal nga hiyás.,Children are our most precious gems.
Naghíyud si José.,Jose stretched forth.
hu’ád adj counterfeit.,
Ginhúbad ku ang higút.,I untied the string.
May daku nga hubág ang iya tiil.,His foot has a large swelling.
Nag-hubás ang linaw tungod sa init.,The lake dried up due to the heat.
húblas adj naked.,
Indi ka magmaneho kon ikaw ay hubúg.,Do not drive if you are drunk.
Ang hubún sang mga soldado nag-abot na.,The group of soldiers has arrived.
Ninhúk’ab ku ang gúma sang áwto.,I removed the tire of the car.
Naghúkas akú sang mangá aláhas.,I took off my jewelry.
Ang hukúm naghatag sang iya desisyon kaina.,The judge gave his decision earlier.
hugák adj loose.,
Ginhugakúm ni Alfónso ang mánggad sang íya amáy.,Alfonso usurped all the wealth of his father.
Naghúgas akú sang pínggan.,I washed the plates.
Naghúgpa’ ang eropláno.,The airplane landed.
Nagbakal sia sang isa ka húgpung nga rosas.,He bought a bouquet of roses.
Nabatian ko ang húgyaw sang mga bata sa plaza.,I heard the noisy laughter of the kids in the plaza.
Dalidali ang iya húlag kay nagaulan.,His movement is quick because it is raining.
Gusto ko mag-hulám sang imo payong.,I want to borrow your umbrella.
Puno sang húlas ang akon agtang.,My forehead is full of perspiration.
Malawig ang amon hulát sa doktor.,Our waiting for the doctor was long.
Naghulík ang ísda’ sa pa’ún.,The fish snapped at the bait.
Naghúlid silá magkatulúg.,They slept together.
Naghúlip akú sang baníg.,I patched a mat.
Ginhúlug ku ang líbro.,I dropped the book.
Ang mga manok nagbalik na sa ila hulúnan.,The chickens returned to their roost.
"humán adj finished, completed, terminated.",
Matambok ang mga humáy sa talamnan.,The rice plants in the field are healthy.
Nag-húmlad ang mga bulak subong nga aga.,The flowers opened up this morning.
Manami ang humút sang sining habon.,The scent of this soap is nice.
Wala sa akon huná’huná’ nga maghalin diri.,It is not in my thoughts to leave here.
Makapanakop kita sang isda kay hunás na.,We can catch fish because it is low tide already.
Nabatian namon ang matahum nga huní sang pispis.,We heard the beautiful sound of the bird.
Basa ang sagbot tungod sang hún’ug sang aga.,The grass is wet because of the morning dew.
Nag-húnung ang dyip sa kanto sang kalsada.,The jeepney stopped at the corner of the road.
Ibutang ang mga dokumento sa sulod sang hunús.,Put the documents inside the drawer.
"hunúsbu’ adj /ma-/ fretful, whimpering.",
hungúd adj intentional.,
Nakabugtaw sia hinali tungod sa hupay.,He woke up suddenly because of a nightmare.
I-hupút mo ining sekreto naton nga duha.,Keep this secret between the two of us.
Mabaskog ang huragúk ni Tatay kon magtulog.,Father's snore is loud when he sleeps.
Wala ako nagapati sa mga hurínghúring sa banwa.,I don't believe in the rumors in the town.
Gamita ang húrma para magporma ang mamon.,Use the mold so the sponge cake takes shape.
I-sulod ang tinapay sa húrno para maluto.,Put the bread in the oven to cook.
Nagsulat sia sang isa ka dumaan nga hurubatún.,He wrote an old saying.
Ang mga hurúng nadakpan na sang mga pulis.,The bad guys were already caught by the police.
Gamita ang húsay para mangin maayo ang imo buhok.,Use the comb to make your hair look good.
Na-húslu’ ang akon singsing sa idalom sang suba.,My ring slipped off under the river.
Nabatian ko ang iya hutík sa akon dunggan.,I heard his whisper in my ear.
hu’út adj tight.,
Nagpangayo ang manunudlo sang isa ka huwád sang libro.,The teacher asked for a copy of the book.
"húy intj hey, oh.",
Wala gid sia sing huyá’ sa iya nahimo.,He has absolutely no shame in what he did.
Naghúyab si Noél pakádto sa plása.,Noel ran to the plaza.
Sige ang iya húy’ab tungod sa katuyo sang ulan.,He keeps yawning because the rain makes him sleepy.
"húyang adj /ma-/ rickety, shaky.",
Napalong ang kandila tungod sa mabaskog nga huyúp sang hangin.,The candle was blown out by the strong blast of wind.
Magakitaay kami sa sunod nga Hwébes.,We will meet next Thursday.
Ikíhad mu ang kutsílyo sang kárne.,Cut the meat with the knife.
Ihátag mu ang sulát kay Mérle.,Give the letter to Merle.
Tagá’i and táwu sang kwárta.,Give the man some money.
Ibutang ang plorera sa ibábaw sang lamisa.,Put the vase on top of the table.
Ang ibán nga mga estudyante nakapuli na.,The other students have already gone home.
Nag’-ibíd’íbid ang mańghud sa maguláng niya.,The younger child tagged along the older one.
Sa ikaduháng grádo na si Gabriel.,Gabriel is in the second grade now.
Ikasulát ku ang lápis.,I will be able to write with the pencil.
Ikáw gid ang pinakamaayo ko nga abyan.,You are truly my best friend.
Íkit ang pagtanom namon sang mga kahoy.,Our planting of the trees is close together.
Nagahulag ang íkug sang kuring kon ginahaplos.,The cat's tail moves when petted.
Sige ang ikúg’íkug sang ido sa iya amo.,The dog keeps tagging along its master.
Nagtago ang bata sa idálum sang katre.,The child hid underneath the bed.
Tul-id ang mga ídas sa amon talamnan.,The furrows in our field are straight.
Madamo ang idík sang amon gin-sagod nga baboy.,The pig we raised has many piglets.
Nag’ídlab ang kaláyu.,The fire burst into flame.
Nagabantay ang amon idú’ sa gwa sang balay.,Our dog is guarding outside the house.
Igasulát ku ang lápis.,I will write with the pencil.
Nag’ígham akú sa kláse.,I cleared my throat in class.
Kada Domingo naga-kadto kami sa iglésya.,Every Sunday we go to church.
Nag’ígpat ang kíngki.,The lamp emitted a spark.
Sia ang akon igsú’un sa sining kasal.,He is my godchild-relation in this wedding.
Nag’ígu’ ang pitú ka táwu sa íya kótse.,Seven people were accommodated in his car.
Nag’ígut ang motór.,The machine creaked.
Ma-íhaw kami sang preska nga isda para sa panihapon.,We will roast fresh fish for dinner.
Guba ang íhi sang amon salakyan gani indi ini mag-andar.,"The axle bar of our vehicle is broken, so it won't run."
Nanabon sia sa banyo para mag-íhi’.,He went to the bathroom to urinate.
Ining daku nga balay sa bukid ay íla.,This big house on the mountain is theirs.
Ilá pa ang kabayo nga yara sa kudal.,The horse in the fence is still untamed.
Na’íla’ akú sa íya.,I like her.
Ginkaon sang ilagá’ ang nabilin nga tinapay.,The rat ate the leftover bread.
Malayo pa ang lalakton pakadto sa ilayá.,It's still a long walk to the hinterland.
Mabaskog ang ílig sang tubig sa suba pagkatapos sang bagyo.,The current of the water in the river is strong after the typhoon.
Naghanda kami sang matugnaw nga ilímnun para sa bisita.,We prepared a cold drink for the guest.
Nag’ílis akú sang báyu’.,I changed my clothes.
Nakahibalo sia maghambal sang Ilokano kay nagdaku sia sa Norte.,He knows how to speak Ilocano because he grew up in the North.
Naghatag kami sang regalo sa mga bata nga ílu.,We gave gifts to the orphan children.
Nabasa ang iya íluk sang balhas sa sobra nga init.,His armpit got wet with sweat from the extreme heat.
Indi mo pag-ílug ang malain nga buhat sang iban.,Do not imitate the bad deeds of others.
Matangos ang iya ilúng parehas sa iya iloy.,Her nose is pointed like her mother's.
Ginapadala ko ining kwarta para sa akon ilúy.,I am sending this money for my mother.
Maayo ini nga imbénto para magpadasig sang obra.,This is a good invention to speed up the work.
imbitasyón n invitation.,
Ang mga bag-o nga libro naghalin sa imprénta.,The new books came from the printing press.
Nag’ímpun ang mangá estudyánte sa libreríya.,The students gathered in the library.
Nag-abot sia sa opisina sang alas otso impúntu.,He arrived at the office at eight o'clock sharp.
Ini nga pula nga payong ay ímu.,This red umbrella is yours.
Malipayon ang pamilya bisan ímul lang sila.,The family is happy even if they are just poor.
Puno sang ímun ang iya tagipusuon.,His heart is full of jealousy.
Ginhambal niya ang istorya parte sa impyérno.,He told the story about hell.
Tilawí ang iníhaw.,Taste the roast.
Manámit ang sinúgbang ísda’.,The broiled fish is delicious.
Sinúgba ku ang ísda’.,I broiled the fish.
Pila iná’ nga sapatos sa bintana?,How much is that shoe in the window?
Malayú’ ang íya inapúkan.,He was thrown to a far place.
Linábhan ku ang mangá lagú’.,I washed the soiled clothes.
Nakita ko ang isa ka inánu nga nagapasundayag sa perya.,I saw a dwarf performing at the fair.
Palangga ko gid si índay nga akon manghod.,I really love Inday (my young sister).
Índi’ ako magpasugot sa imo malain nga plano.,I will not agree to your bad plan.
Nag-apil sia sa isa ka índis’índis sa pagkanta sa banwa.,He joined a singing competition in the town.
Nahadlok ang gamay nga bata sa ineksyón sang nars.,The little child was afraid of the nurse's injection.
Kay sin-o iní nga bag nga nabilin sa silya?,Whose bag is this left on the chair?
Nabatyagan ko ang daku nga ínit sang adlaw sa uma.,I felt the great heat of the sun on the farm.
Gin-bulad niya ang mga isda sa inítan para magmala.,He dried the fish in the sunshine so it would dry out.
Ang gindakop nga tawo ay inosénte sa mga natabo.,The arrested person is innocent of what happened.
Gindala niya sa korte ang insúltu nga nabaton niya.,He brought the insult he received to court.
Mataas ang interés sang utang sa bangko subong.,The loan interest at the bank is high now.
Nagbakal kami sang pansit sa tyangge sang Intsík.,We bought noodles at the Chinese store.
Puno sang íntu’ ang iya mga ginahambal sa dalaga.,His words to the young lady are full of flattery.
Inugsulát iní.,This is something to write with.
Bawal ang inúm sang makahulubog nga ilimnon sa sulod sang eskwelahan.,Drinking intoxicating liquor is prohibited inside the school.
Nag-preparar sia sang iya inúmul kay naakig sia.,He prepared his fist because he was angry.
Kinahanglan naton mangin ínut sa pag-gasto sang aton kwarta.,We need to be frugal in spending our money.
Gintabog niya ang inútil nga makina kay guba na.,He threw away the useless machine because it was broken.
Sa ínyu bala ining nakawala nga kanding?,Is this lost goat yours?
Matahum ang puti nga ingkáhi sa sidsid sang iya bayo.,The white lace at the hem of her dress is beautiful.
Ang daku nga kahoy ginapuy-an kuno sang mga ingkántu.,The big tree is reportedly inhabited by fairies.
Antigu gid sia maghambal sang inínglis.,He is very good at speaking English.
Ingít sia kaina kay nadula ang iya pitaka.,He was irritable earlier because he lost his wallet.
Nag’íngud ang síya kag ang lamésa.,The chair and the table are close together.
Sige ang íngus sang bata tungod sa sip-on.,The child keeps sniffling because of a cold.
Ipatahí’ ku ang báyu’.,I will have the dress sewed.
Gin’ipíngan ku si Lóurdes.,I sat beside Lourdes.
Gin’ípit ku ang kalamánsi.,I squeezed the lime.
Gintapakan niya sing aksidente ang íput sang ido.,He accidentally stepped on the dog's feces.
Maka-irás ang iya malain nga pamatasan.,His bad behavior makes one feel uncomfortable.
Hatagi ako sang isá ka baso nga tubig.,Give me one glass of water.
Nagbakal kami sang preska nga ísda’ sa merkado.,We bought fresh fish at the market.
Nag’ísi’ísi ang hubúg.,The drunk man staggered.
Indi ko na ma-ísip ang akon mga problema.,I can no longer count my problems.
Nadakpan sang mga pulis ang ispíya.,The police caught the spy.
Nasahísta si José.,Jose is a masseur.
Manami ang imo istórya parte sa imo kabuhi.,Your story about your life is nice.
Puti ang ísu nga ginagamit sang maestra sa pisara.,The chalk the teacher uses on the board is white.
Kinahanglan naton sang ísug sa pag-atubang sang problema.,We need courage to face the problem.
Nag’ísul akú pára maka’ági sya.,I moved back so she can pass.
Gin’íswag ku ang lamésa.,I moved the table.
Nagasunod ang gamay nga ítik sa iya nanay.,The little duckling follows its mother.
Basaha sing maayo ang itikíta sa botelya sang bulong.,Read the label on the medicine bottle well.
Pila ka ítlug ang imo lutuon para sa pamahaw?,How many eggs will you cook for breakfast?
Nagsuksok sia sang itúm nga bayo sa okasyon.,He wore a black shirt to the occasion.
Gamita ang flashlight bilang íwag sa madulom nga dalan.,Use the flashlight as light on the dark road.
Ma-íwat ang kahimtangan sang pasyente sa ospital.,The patient's condition in the hospital is grave.
Ini nga lapis nga yara sa lamesa ay íya.,This pencil on the table is hers.
Ákun líbro iná’ íya.,That book is mine.
Nag’úlupud ang mangá báta’ sa tindáhan.,The children went to the store with someone.
Mag’ulútud silá.,They are brothers and sisters.
Mabúg’at ang mangá dalágkung batú.,The boulders are heavy.
Halampángan iní.,This is a playground.
Naglá’aw ang dalága sa íya haranísta.,The lady looked out of the window to acknowledge her serenader.
Nag-labá si Nanay kaina sang aga.,Mother washed clothes earlier this morning.
Daku ang lába’ sang sining tela.,The length of this cloth is big.
Manghinaw ka sang imo kamot sa labábu.,Wash your hands in the washbasin.
Ginlábag mu ang kasugu’án.,You disobeyed the rule.
Gingamit niya ang labáha sa pagpamalbas.,He used the razor for shaving.
Labán sa mga tawo diri nagaugyon sa plano.,"Mostly/Besides, the people here agree with the plan."
Gindapatan sang labatíba ang pasyente.,The patient was given an enema.
Namit gid kaunon ang láb’as nga isda.,Fresh fish is very delicious to eat.
Labáw sia sa akon kon parte sa kaalam.,He is more than me when it comes to knowledge.
Nag-labáy ang dyip sa atubangan sang amon balay.,The jeepney passed by in front of our house.
Labí ang iya kalipay sang nakita niya ang iya pamilya.,Her happiness was exceeding when she saw her family.
Ginlabú’ ku ang púnu’ sang ságing.,I struck the trunk of the banana plant.
Nagláb’uk si Roméo sang tubá’ sa tyénda.,Romeo took a sip of tuba in the store.
I-labúgay ang asukar sa mainit nga kape.,Stir the sugar into the hot coffee.
Wala ka sing lábut sa akon personal nga kabuhi.,You have no business in my personal life.
Ginlábyug ku ang batú.,I hurled the stone.
Laká’ na lang ang makita nga kabayo sa siudad subong.,It is rare to see a horse in the city now.
Daku ang iya lák’ang pakadto sa pirtahan.,His big step towards the door was wide.
Malawig ang amon lakát pakadto sa pihak nga banwa.,Our walk to the other town is long.
Nag-lákbang sia para makatabok sa gamay nga sapa.,He strode to cross the small creek.
Lakíp na sa bayad ang imo plete sa barko.,Your ship fare is already included in the payment.
Ginláklak sang bábuy ang damúg.,the pig ate the food.
Nag-láktaw sia sang isa ka pahina sa iya ginabasa.,He skipped one page in what he was reading.
Ginláktud ku ang dálan.,I made a short cut.
Nagládlad akú sang mantél.,I spread the table cloth.
Mag-lá’ga’ ka sang tubig para sa aton kape.,Boil some water for our coffee.
Naglagabúng ang sin pagkahúlug.,The sheet of galvanized iron rumbled when it fell.
Gingamit sang karpentero ang lagári’ sa pag-utod sang tabla.,The carpenter used the saw to cut the board.
Gin-lagás sang ido ang kuring sa ugsaran.,The dog chased the cat in the yard.
Nabatian ko ang lagátik sang kandado sa pirtahan.,I heard the click of the padlock on the door.
May lagatúk sang nahulog ang bato sa salog.,There was a dull thud when the stone fell on the floor.
Naglagáwlaǵaw akú sa plása.,I strolled through the park.
Ibutang ang imo lágda’ sa ubos sang dokumento.,Put your signature at the bottom of the document.
Lági sia nagabisita sa amon balay sang una.,He frequently visited our house before.
Nabitik ang daku nga ilaga sa lágpit.,The big rat was caught in the rat trap.
Lágtum ang duag sang panganod kaina sang hapon.,The color of the cloud was dark earlier this afternoon.
Nagkuha sia sang lagú para gamiton sa bunit.,He got an earthworm to use for the fish hook.
Tipuna ang imo mga lagú’ sa basket para malabhan.,Gather your soiled clothes in the basket to be washed.
Nagahampang ang mga bata sa lagwérta.,The children are playing on the lawn.
Ma-lágyu’ ang balay nila sa sentro sang banwa.,Their house is far from the town center.
Lahúg lang ato ang akon ginhambal sa imo kaina.,What I said to you earlier was just a joke.
Lahúg lang ato ang akon ginhambal sa imo kaina.,What I said to you earlier was just a joke.
Ma-lá’in ang magbutig sa imo ginikanan.,It is bad to lie to your parents.
La’ín ang batasan sang duha ka mag-ulutod.,The behavior of the two siblings is different.
Naglála akú sang baníg.,I wove a mat.
Naglalá’ ang íya balatí’an.,She became more sick.
Nakita ko ang isa ka laláki nga nagatindog sa kanto.,I saw a man standing at the corner.
Naglaláw si Ána sa íya ilúy.,Ana mourned for her mother.
Namit gid ang lalím sang imo linuto nga sinigang.,The flavor of the stew you cooked is very delicious.
Indi mag-lális sa husto nga sugo sang maestra.,Do not disobey the right command of the teacher.
Ginlamá’lamá’ ku ang gúsuk.,I cut the ribs.
Lúyag akú magbakál sang báyu’ lámang walá’ akú sang kwárta.,"I would like to buy a dress, but I don’t have money."
Nadakpan ang daku nga isda sa laḿbat.,The big fish was caught in the net.
Ginlámbut ku ang syudád sang Báguio.,I reached the city of Baguio.
Ibutang ang mga pinggan sa ibabaw sang lamésa.,Put the plates on top of the table.
Laḿgud ang baka gani wala ini nakapang-anak.,"The cow is barren, so it hasn't given birth."
Mabatyagan ko ang lamíg sang hangin halin sa dagat.,I can feel the coldness of the wind from the sea.
Nahulog ang mga lamígas sang humay sa duta.,The grains of rice fell on the ground.
Nagalupad ang lámluk palibot sa suga kon gab-i.,The moth flies around the light at night.
Ginlampasán ku ang áwtu.,I overtook the car.
Gamita ang lampásu sa paglimpyo sang salog sang balay.,Use the mop to clean the floor of the house.
Ginislan ni Nanay ang basa nga lampín sang lapsag.,Mother changed the infant's wet diaper.
Isa ka lampitáw nga manunulat si Graciano Lopez Jaena.,Graciano Lopez Jaena is a well-known writer.
Ginlampú’as ku ang eksámin.,I passed the exams.
Ginlámpus ku ang síya.,I threw the chair very hard on the floor.
Madamo sang lamúk sa palibot kon madulom na.,There are many mosquitoes around when it gets dark.
Naglamúd akú sang ma’ís sa bugás.,I mixed corn with the rice.
Nalisdan ang tawo nga lamún sa pagtabok sa kalsada.,The blind person had difficulty crossing the road.
Gin-lámun niya ang pagkaon sa kadasig tungod sa gutom.,He gulped down the food quickly because of hunger.
Butangi sang lána ang imo buhok para mag-sining.,Put oil in your hair so it shines.
Nagpasilong kami sa lándung sang daku nga kahoy.,We took shelter in the shade of the large tree.
Gingamit niya ang martilyo kag lánsang para sa pader.,He used the hammer and nail for the wall.
Gindala niya ang iya lansítas sa pagkadto sa bukid.,He brought his pocket knife when going to the mountain.
Lánta na ang mga bulak nga ginbutang sa plorera.,The flowers placed in the vase are already withered.
Nag-lántaw kami sang manami nga pelikula kagab-i.,We watched a nice movie last night.
Manami pamatian ang lántun sang imo gitara.,The tune of your guitar is nice to hear.
Nabatian namon ang mabaskog nga lanúg sa sulod sang kueba.,We heard the loud echo inside the cave.
Manipis ang lányatlányat sa sulod sang itlog.,The membrane inside the egg is thin.
Iní na lang.,This one (only).
May daku nga láng’at ang duha ka nagatupad nga balay.,There is a large interval between the two adjacent houses.
Gintabog niya ang mga lángaw nga nagahapon sa lamesa.,He shooed the flies resting on the table.
Matam-is kag mahamot ang hinog nga lángka’.,The ripe jackfruit is sweet and fragrant.
Naglángkag akú sang hulát kay Joséfa.,I got worried waiting for Josefa.
Ma-aslom ang lánggaw nga ginbutang niya sa paksiw.,The vinegar he put in the dish is sour.
Gingamit niya ang langís para pahiningon ang makina.,He used the oil to lubricate the machine.
Asul kag matin-aw ang lángit subong nga adlaw.,The sky is blue and clear today.
Malain ang láng’ug sang stagnant nga tubig sa kanal.,The foul odor of the stagnant water in the canal is bad.
Gusto sang mga bata mag-langúy sa dagat karon sa hapon.,The children want to swim in the sea this afternoon.
Naglápak silá sa lápuk.,They stepped on the mud.
Daku gid ang lápad sang sining bag-o nga kalsada.,The width of this new road is very big.
Ginlapá’lapá’ niya ang kárne.,He cut the meat to pieces.
Naglápas si José sa kasugtánan.,Jose violated the agreement.
Naglápaw ang túbig.,The water overflowed.
Ginlápdus ku ang síya.,I hit the chair against something.
Gingamit niya ang malaba nga lápis para magdrowing.,He used the long pencil to draw.
Nagtindog sia sa lapít sang pirtahan para maghulat.,He stood near the door to wait.
Naglápnag ang balíta’.,The news spread.
Nagahibi ang lápsag kay kinahanglan na paduduon.,The infant is crying because it needs to be suckled.
Lápsi’ ang iya nawong tungod sa kahadlok kaina.,His face was pale due to fear earlier.
Nag-lápta ang mga papel sa salog paghuyop sang hangin.,The papers scattered on the floor when the wind blew.
Nag-lápus ang lansang sa pihak sang tabla.,The nail pierced through the other side of the board.
Lapúyut ang sabaw sang batchoy nga amon ginkaon.,The broth of the batchoy we ate was thick.
Naglápyu ang íya láwas sa trabáho.,He felt tired because of work.
Namit kaunon ang preska kag aslom nga laranghíta.,It is delicious to eat the fresh and sour nectarine.
Gintan-aw ko ang dumaan nga laráwan sang amon pamilya.,I looked at the old picture of our family.
Naglárga si Nánay kahápun.,Mother left yesterday.
Matam-is ang lasáw nga ginasagol sa paghimo sang kalamay.,The molasses mixed in making sugar is sweet.
Lás’ay ang sabaw kay kulang sa asin kag panakot.,The soup is bland because it lacks salt and spices.
May matahum nga pula nga lásu ang iya buhok.,Her hair has a beautiful red ribbon.
Ibutang ang inyo mga basura sa sulod sang láta.,Put your trash inside the can.
Latá’ na ang linuto nga kamote gani mahumok gid ini.,"The cooked sweet potato is overcooked, so it is very soft."
I-látag ang mga linabhan nga bayo sa ugsaran para magmala.,Put out the washed clothes in the yard to dry.
Naglátay kamí sa tuláy patabúk sa subá’.,We crossed a narrow footbridge across the river.
Naglátid si Manuél sang kudál.,Manuel marked the area to be fenced in.
Nakabaton sia sang latigú sa iya pagkasala.,He received a whip for his sin.
Ibutang ang mga pinggan sa latúk.,Put the plates on the table.
Naglátum ang pínta sa káhuy.,The paint penetrated into the wood.
Nag-sag-ub sia sang tubig gamit ang latún.,He fetched water using the tin can.
Naglá’ug kamí kagáb’i.,We roamed around last night.
Naglá’um akú nga ma abút si Imélda.,I expected Imelda to come.
Nagpabilin sia nga la’ún asta subong.,She remained an old maid until now.
Ang bilitayún ára’ sa prisohán.,The person to be hanged is inside the prison.
Indi ka maghimo sang lá’ut nga plano sa imo isigkatawo.,Do not make a wicked plan against your fellow human.
Naghimo sang daku nga láwa’ ang damang sa bintana.,The spider made a large web on the window.
Ginláwag ang ngálan ku.,My name was called.
Kinahanglan naton halungan ang aton láwas.,We need to take care of our body.
Láw’ay ang pamatasan sang tawo nga butigon.,The behavior of a lying person is ugly.
Pila ang láwid sang inyo byahe pa-probinsya?,What is the length of your trip to the province?
Láwig ang iya panaysayon parte sa natabo.,His narrative about what happened was lengthy.
Láwlaw ang iya pantalon gani naggamit sia sang sinturon.,His pants are loose so he used a belt.
Nag-preparar ang manugisda sang iya láya.,The fisherman prepared his fish net.
Nag-láya’ ang mga tanom tungod sa kigás.,The plants withered because of the dryness.
Ginbuksan nila ang láyag sang sakayan kay may hangin.,They opened the sail of the boat because there was wind.
Nag-láyas ang bata halin sa ila balay.,The child ran away from their house.
Naglayát ang íya pánit.,Her skin sagged.
Nagláygay ang pári’.,The priest gave some advice.
Dapat naton sundon ang layí sang aton pungsod.,We must follow the law of our country.
Layú’ ang eskwelahan sa amon gina-istaran.,The school is far from where we live.
Naglayúng ang dáhun sang ságing.,The banana leaf withered.
Ano ang imo natun-an sa aton leksyón subong?,What did you learn from our lesson today?
Hatagi ako sang isa ka létse nga bugas.,Give me one tin can of rice.
Namit ang letse flán nga ginluto ni Nanay.,The custard cooked by Mother is delicious.
Ginlibák ku si Córa.,I derided Cora.
Ginlibańg ku ang báta’.,I comforted the child.
Na-libát ang iya panan-awan kaina.,His vision became cross-eyed earlier.
Nagbakal ako sang isa ka líbra nga asukar.,I bought one pound of sugar.
Líbre ang pagpa-check up sa health center.,The check-up at the health center is free.
Nagkadto ang mga estudyante sa libreríya para magtuon.,The students went to the library to study.
líbu num thousand.,
Naglíbud ang tigúlang sang súman.,The old woman went around selling rice cake.
Gindalagan sang bata ang líbug sa hardin.,The child ran after the bumblebee in the garden.
Daku ang iya libúg parte sa balayran sa balay.,Her worry regarding the house bills is great.
Ginbutangan nila sang libún ang ila mga manok.,They put an enclosure for their chickens.
Nag-líbut kami sa plaza kagab-i.,We walked about in the plaza last night.
Naglikáw ang trak sa bátsi.,The truck avoided the hole in the road.
Nag-líkday sia para makaagi ang mal-am.,He stepped aside so the elder could pass.
,
Naglikí’ si Índay sa sá’ut.,Inday danced gracefully.
Nag-líksi ang kuring sang makita ang ilaga.,The cat leapt when it saw the rat.
Nag-likú’ ang salakyan sa wala.,The vehicle turned to the left.
Masakit ang akon likúd sa sige pungko.,My back hurts from sitting constantly.
Naglikúm akú sang sekréto.,I concealed a secret.
Naglígad na ang Enéro péro walá’ pa matapús ang trabáho ku.,"January is already over, but my work is not done yet."
Naluag ang ligás sang iya pantalon.,The garter of his pants became loose.
Lígdung ang panapton sang dalaga.,The young lady's clothing is modest.
Naglígid ang batú sa bánglid.,The boulder rolled down the hill.
Nagligís akú sang má’is.,I milled some corn.
Nalígu’ akú.,I took a bath.
Líg’un ang pundasyon sang sining daku nga balay.,The foundation of this big house is strong.
Ginligúnlígun ku ang ákun bá’ba’.,I melted the candy in my mouth.
Ligúy ang bata gani wala nagasulod sa klase.,The child is truant so he doesn't attend class.
Nagliháy si Lucílle sa ákun.,Lucille leaned on me.
Ginalihí’ku ang paggámit sang ópyum.,I disapprove of using narcotics.
limá num five; /ika-/ fifth.,
Natukiban ang iya límbung sa ila kumpaniya.,His deceit in their company was discovered.
Limitádo lang ang pagkaon sa piesta.,The food at the fiesta is only limited.
Ginpalimpyo niya ang iya sapatos sa limpyabúta.,He had his shoes cleaned by the bootblack.
Límyo na ang salog kay ginlampasuhan na ini.,The floor is now clean because it was already scrubbed.
Nanglímug si Ernésto sang túbig.,Ernesto gargled water.
Naghatag ako sang limús sa manugpakilimos.,I gave alms to the beggar.
Indi ko ma-límut-an ang imo ginhimo nga kaayo.,I cannot forget the kindness you did.
I-halay ang mga linábhan sa sagwa.,Hang the washed clothes outside.
Naglínas kamí sang humáy.,We threshed rice.
Matin-aw ang tubig sa línaw.,The water in the stream is clear.
Nanglíntak si Artúro sa ákun.,He clicked at me.
Ginakaon sang baboy ang líntuk.,The pig eats the bran.
Nabatyagan namon ang baskog nga línug kaina.,We felt the strong earthquake earlier.
Linúng gid magpuyo diri sa amon banwa.,It is very peaceful to live here in our town.
Naglíngas si Vicénte sa kláse.,Vicente distracted the class.
Ginlingáw ku ang ákun útud.,I amused my brother.
Nag-língkud sia sa bango.,He sat down on the bench.
Nagtunog na ang linggánay sang simbahan.,The church bell has already rung.
Línghud pa ang tanom nga balagay.,The vine plant is still young.
Nag-língin ang akon ulo tungod sa init.,My head became dizzy due to the heat.
Naglíngling si José.,Jose peeped.
Nagpulot ang bata sang lipák para hampangan.,The child picked up a stick to play with.
Naglípas ang isá ka semána bágu nagkita’áy kamí.,One week passed before we saw each other.
Nalipát akú.,I forgot.
Wala sing katumbas ang akon lípay.,My happiness has no equal.
Naglípun si Heléna sang hábul.,Helena hid under the blanket.
Na-lípung sia tungod sa gutom kag init.,She fainted due to hunger and heat.
Wala ko nagustohan ang líp’ut sang iya sabat.,I didn't like the shortness of his answer.
Naglísang ang kabáyu’ sa lupúk.,The horse was terrified with the bursting sound.
Kinahanglan mo sang lisénsya para makamaneho.,You need a license to drive.
Naglísi ang báta’ sa dálan.,The child looked about curiously.
Naglísngadlísngad si Victória sa íya trabáho.,Victoria delayed her work.
Ibutang ang imo ngalan sa lísta.,Put your name on the list.
Nahubad ang lístun sang imo sapatos.,The string of your shoe came undone.
Itanom mo ining mga lísu sang kamatis.,Plant these tomato seeds.
Naglísu’ ang táwu sa tu’u.,the man turned to the right.
Lisúd ang pangabuhi kon wala obra.,Life is difficult when there is no work.
Naglitík ang kúlun.,The clay pot cracked.
Ano ang una nga lítra sang imo pangalan?,What is the first letter of your name?
Nagbakal sia sang isa ka lítro nga gatas.,He bought one liter of milk.
Namit ang ensalada kon may preska nga litsúgas.,A salad is delicious when there is fresh lettuce.
Nag-order kami sang daku nga lítsun para sa piesta.,We ordered a big roasted pig for the fiesta.
Naglítun kamí sa bág’u nga baláy.,We moved to the new house.
Masakit ang akon lí’ug pagbugtaw ko.,My neck hurt when I woke up.
Nagpaliwáliwá silá sa Yurópa.,They took a vacation in Europe.
Nagliwán si Élma sang báyu’ ku.,Elma remodelled my dress.
Magkitaay kita liwát bwas.,Let's meet again tomorrow.
Nakita namon ang liyón sa zoo.,We saw the lion at the zoo.
Madamo sang maduagon nga lóbo sa birthday party.,There are many colorful balloons at the birthday party.
Palangga ko gid ang akon lólo.,I really love my grandfather.
Nagbakal sila sang bag-o nga lóte para patindugan sang balay.,They bought a new lot to build a house on.
Ginlú’ad ku ang pagká’un.,I spit out the food.
I-lubád mo ining tinaga sa Ingles.,Translate this word to English.
I-lúbag mo sing maayo ang linabhan antes isampay.,Wring the washed clothes well before hanging.
Ginlúbha’ niya akú.,He betrayed me.
Lubhá’ ang iya kondisyon sa ospital.,His condition in the hospital is serious.
Nagkuha sia sang lubí para sa gata.,He got a coconut for milk.
Gamita ang mabakod nga lúbid sa paghigot sang baboy.,Use the strong rope to tie the pig.
Lubúg ang tubig sa suba pagkatapos ulan.,The water in the river is murky after the rain.
Nagtambong kami sa lubúng sang amon isigkatawo.,We attended the burial of our neighbor.
Ginlukát ku ang tanúm.,I dug out the plant.
Ginlúku ku si Élsa.,I tricked Elsa.
Naglukú ang idú’.,The dog lay down.
Nag-lúksu ang bata sa katre.,The child jumped on the bed.
Naglúkut akú sang papél.,I crumpled the paper.
Matahum nga lugár ining amon ginakadtuan.,This place we are going to is beautiful.
Nalúgdang ang bapór.,The boat sank.
Ginlugpayán ku si Líto.,I mollified Lito.
Ginlú’hu’ ku ang bulúng sa botélya.,I shook the medicine in the bottle.
Gingamit niya ang itum nga lugúm para sa iya bayo.,He used the black dye for his clothes.
Ginlúgus ni Glória ang mánggad sang útud niya.,Gloria usurped the wealth of her sister.
Nagtulo ang iya lúha’ sang maghibi sia.,Her tear fell when she cried.
Lúhu gid ang mga bisita sa kasal.,The guests at the wedding were very dressed up.
Nag-luhúd kami sa pagsimba.,We kneeled during worship.
Lulú’ ang paghaplos sang iloy sa bata.,The mother's touch on the child was tender.
Nagapati ang iban sa lumáy.,Some people believe in love potions.
Nagpasakop sia sa lúmba’ sang pagdalagan.,He joined the running race.
Lúming na ang panit sang mal-am.,The skin of the old man is already flabby.
Ginlúmpag ku ang baláy.,I demolished the house.
Nag-lúmpat sia halin sa kudal.,He jumped down from the fence.
Nalumús ang báta’.,The child drowned.
Madanlog ang dalan tungod sa lúmut.,The road is slippery because of the moss.
Naglumpúy akú sang tablétas.,I took a pill.
Maga-umpisa ang klase sa Lúnes.,Classes will start on Monday.
Lúnhaw ang palibot sa bukid subong.,The surroundings in the mountain are green now.
Naglúntad akú dirí sang iśa ka tú’ig.,I moved here last year.
Lúnsay ang dalagan sang amon negosyo.,The run of our business is steady.
Nalúnud ang bapór.,The boat sank.
Madulom ang sulod sang lungíb.,The inside of the cave is dark.
Ginbutang ang bangkay sa sulod sang lungún.,The corpse was placed inside the bier.
Naglunggú’ ang úlu sang báta’.,The child knocked his head.
Naglungúlúngu ang sya.,He shook his head.
Gusto ko makita ang pispis nga mag-lupád.,I want to see the bird fly.
Indi ka mag-lúpig sa imo kapareho.,Do not oppress your fellow men.
Nabatian namon ang lupúk sang pusil kaina.,We heard the burst of the gun earlier.
Naluoy ako sa tawo nga lupúg.,I felt pity for the crippled person.
Naglup’úg ang idú’ sa salúg.,The dog lay on the floor.
Nag-lupút ang bata tungod sa higko nga pagkaon.,The child had diarrhea because of dirty food.
Naglúpyak ang dúta’ sa línug.,The ground caved in because of the earthquake.
Naglusád ang táwu sa eropláno.,The man disembarked from the plane.
Lús’aw na ang duag sang iya daan nga bayo.,The color of his old shirt is already faded.
Ma-lúspad ang iya nawong tungod sa hilanat.,His face is pale due to the fever.
Naglusút ang lápis sa papél.,The pencil went through to the paper.
Naghimo sia sang gamay nga kolon halin sa luták.,He made a small pot out of clay.
Gusto na lutás-on ni Nanay ang lapsag.,Mother wants to wean the infant now.
Lutáw gid ang iya ngalan sa amon banwa.,His name is very famous in our town.
Ginlúthang ku ang manúk.,I shot the chicken.
Nag-lútu ang pamilya sa pagkapatay sang ila lolo.,The family mourned the death of their grandfather.
Namit ang lútu’ ni Nanay nga adobo.,Mother's cooked adobo is delicious.
Ginlútus ni Pédro si Vicénte sa eleksyón.,Pedro defeated Vicente during the elections.
Nalu’úyan ku si Ester.,I feel sorry for Ester.
Gamita ang luwág sa pagkuha sang mainit nga sabaw.,Use the ladle to scoop the hot soup.
Wala na ako sang iban nga abyan luwás sa imo.,I have no other friend aside from you.
Ma-lúya ang iya lawas tungod sa balatian.,His body is weak due to illness.
Butangi sang lúy’a ang isda para madula ang langsa.,Put ginger on the fish to remove the fishy smell.
Lúyag ko magbakasyon sa probinsya sa masunod nga tuig.,I want to vacation in the province next year.
Nag-lúyluy ang mga sanga sang kahoy tungod sa kabug-at sang bunga.,The branches of the tree drooped due to the weight of the fruit.
Nagpungko sia sa luyú sang akon katre.,He sat beside my bed.
Mabakál ku ang sapátus pára kay Cora.,I will be able to buy the pair of shoes for Cora.
Mahumút ang búlak.,The flower is fragrant.
Mabáklan ku regálo sang si Néna.,I will be able to buy a gift for Nena.
Ginalikawan sia sang mga tawo kay ma’álwan sia.,People avoid him because he is mean.
Ma’áyu gid ang aton panahon subong nga adlaw.,Our weather today is very good.
Ang masakitún gindalá sa ospitál.,The sick person was brought to the hospital.
Ma’alamún si José.,Jose is wise.
Malipayon sia nga nag-mábdus ang iya asawa.,He is happy that his wife became pregnant.
Makakánta si Razéla bwas.,Razela will be able to sing tomorrow.
Nagapangamuyo kami sa Maka’áku’ para sa aton kaluwasan.,We are praying to the Almighty for our safety.
Guba ang makiná sang amon salakyan.,The motor of our vehicle is broken.
Gingamit niya ang dumaan nga makinílya para maghimo sang sulat.,He used the old typewriter to make a letter.
Ginpamákut ku ang papél sa dapúg.,I used paper to kindle fire in the stove.
Nagtuon sia sa eskwelahan nga ginadumalahan sang mga mádre.,She studied in a school managed by nuns.
Maayo magtudlo ang amon bag-o nga ma’éstro.,Our new teacher teaches well.
Gústo ku magka’ún.,I would like to eat.
Mag’asáwa si Pédro kag si Catalína.,Pedro and Catalina are husband and wife.
Magá-abot sila buwas sang kaagahon.,They will arrive tomorrow at dawn.
Mág’an ang akon pamatyag matapos masolbar ang problema.,I feel cheerful after the problem was solved.
Malipayon nga nagapuyo ang mag’asáwa sa bukid.,The married couple lives happily in the mountain.
Nagkadis-gústo si Razél kag si Teresíta.,Razel and Teresita had a misunderstanding.
NagpaManíla’ akú.,I went to Manila.
Magpanghilám’-us akú.,I will wash my face.
Nagbulig ang akon maguláng sa akon mga asaynment.,My older sibling helped with my assignments.
Mahál gid ang presyo sang karne sa merkado subong.,The price of meat in the market is very expensive now.
Mahímo bala nga magkadto ako sa inyo bwas?,Is it possible for me to go to your place tomorrow?
Nagtanom kami sang ma’ís sa amon daku nga uma.,We planted corn in our big farm.
Malá na ang mga linabhan sa idalom sang adlaw.,The washed clothes are already dry under the sun.
Mabug-at ang iya maléta nga gindala sa eroplano.,The luggage he brought on the airplane is heavy.
Nagpa-málu na ang manok sang kaagahon.,The rooster already crowed at dawn.
Ma’áyu man.,"Fine, too."
Nagbulig ako kay mánang sa pagbitbit sang iya ginbakal.,I helped Manang carry what she bought.
Ginsunod sang mga soldado ang mándo sang kapitan.,The soldiers followed the captain's command.
Nagmaného si Senén sang kótse.,Senen drove a car.
Nagkaon kami sang nilaga nga maní samtang nagalantaw.,We ate boiled peanuts while watching.
Naghatag sang daku nga regalo ang akon manínay.,My godmother gave a big gift.
Namit kag matam-is ining mapula nga mansánas.,This red apple is delicious and sweet.
Nagbakal ako sang mantíka’ sa tyangge para sa pagprito.,I bought cooking oil at the store for frying.
Ginbutangan niya sang mantikílya ang init nga pandesal.,He put butter on the hot pandesal.
Puti ang kolor sang bag-o nga mántil sa amon lamesa.,The color of the new tablecloth on our table is white.
Mabudlay kakason ang mántsa sang kape sa imo bayo.,It is hard to remove the coffee stain on your shirt.
Nagsuksok sia sang mántu’ pagsulod sa simbahan.,She wore a veil upon entering the church.
Nagdakop sia sang matambok nga manúk para ihawon.,He caught a fat chicken to roast.
Manugbúlung si Pédro.,Pedro is a doctor.
Nakakita ako sang daku nga mán’ug sa idalom sang kahoy.,I saw a big snake under the tree.
Ginhatagan ko sang tinapay si mánung.,I gave bread to Manung.
Paborito niya nga hampangan ang iya bag-o nga manyíka’.,Her favorite thing to play with is her new doll.
Manghulám akú sang líbro.,I will borrow books.
Mangungúma si Cárlos.,Carlos is a farmer.
Ang mangá bata nagahampang malipayon sa sagwa.,The children (plural marker) are playing happily outside.
Matam-is ang hinog nga mángga halin sa Guimaras.,The ripe mango from Guimaras is sweet.
Indi mabakal sang mánggad ang matuod nga kalipay sang pamilya.,Wealth cannot buy the true happiness of a family.
Palangga ko gid ang akon puting nga mánghud.,I really love my youngest younger sibling.
Mangín presidénte ang táwung iná’.,That man will become a president.
Madamo sang isda ang nakuha sang kugihan nga mangingísda’.,The hardworking fisherman caught a lot of fish.