Hiligaynon Phrase,English Phrase
Tun-an naton ang abakáda subong nga adlaw,Let's study the alphabet today
Masakit ang akon abága sa pagdala sang bag.,My shoulder hurts from carrying the bag.
Matahum ang iya abalóryo nga human sa seashells.,Her beads made of seashells are beautiful.
Siya ang mangin ábay sa kasal sang iya tiya.,She will be a witness at her aunt's wedding.
Abáw! Kadaku gid sang imo nakuha nga isda.,Wow! The fish you caught is really big.
Nag’aberíya ang kótse.,The car had engine trouble.
Abí’ husáya ánay iní.,Would you please solve this first.
Gin’ábi’ábi sya sang mangá táwu.,He was greeted by the people.
Gusto niya mangin abogádo sa pag-abot sang panahon.,He wants to be a lawyer in the future.
Indi maayo ang mag-abóso sa mga sapat.,It is not good to abuse animals.
Nag’ábri si Pédro sang bintána.,Pedro opened a window.
Sa bulan sang Abríl nagasaulog kami sang amon fiesta.,We celebrate our fiesta in the month of April.
Ábtik gid ang bata nga nagatindog sa unahan.,The child standing at the front is very lively.
Gintabunan sang abú ang mga tanum sa palibot.,Ash covered the plants in the area.
Nagbakal si Tatay sang abúnu para sa humay.,Father bought fertilizer for the rice plants.
Nag’abút sya kahápun.,He arrived yesterday.
Ikaw ang pinakasuod ko nga ábyan.,You are my closest friend.
Nadula ang iya ákig sang nagpangayo ako sang patawad.,His anger disappeared when I asked for forgiveness.
Akú ang mapasa sang akon proyekto bwas.,I will submit my project tomorrow.
Gin áku’nya ang salá’.,He admitted the guilt.
Ining lapis nga yara sa lamisa amo ang ákun.,This pencil on the table is mine.
Malipayon nga ádlaw sa imo!,Happy birthday to you!
Nagatuon kami sang amon leksyon ádlaw-ádlaw.,We study our lessons everyday.
Baldádo ang ákun láwas.,My body is all tired out.
Maayong ága sa inyo tanan.,Good morning to you all.
Buotan gid ang amon agálun sa ubrahan.,Our boss at work is very kind.
Gin’ágaw sang báta’ ang lápis.,The child grabbed the pencil.
Ang ágay sang tubig sa gripo mahinay gid.,The flow of water from the faucet is very slow.
Nag ágbay sya kay Cárlos.,He put his arms around Carlos’ shoulder.
Gin’ágda sya pára sa pyésta.,He was invited to the fiesta.
Kanami sang imo ági sa papel.,Your handwriting on the paper is very nice.
May mangá sapat nga matawag naton nga agí’.,There are animals that we can call hermaphrodites.
Sa bulan sang Agósto naga-umpisa ang amon klase.,Our classes start in the month of August.
Nagpangayo kami sang bulig sa agrimensór para sa duta.,We asked for the surveyor's help regarding the land.
Ang mangá mangunguma naga-ágsa sa talamnan ni Manuel.,The farmers are working the field of Manuel for a share.
Nag’ágsik ang túbig.,The water sprayed.
Masakit ang iya ágtang tungod sa hilanat.,His forehead is sore because of the fever.
Magtuon ka sing maayo agúd makapasar ka sa eksamen.,Study hard so that you can pass the exam.
Gin’águm nya ang katibawásan sa pangabúhi’.,He attained success in life.
Mabanglo gid ang iya ágwa nga gingamit.,The perfume she used is very fragrant.
Nag’ agwánta sya sang madámu’ nga kasákit.,He suffered through a lot of heartaches.
Nag’ahá’ sya nga ma’upúd sa síni.,He insisted that he go to the movies [with them).
Nagkadto sila sa ahénsya para magprenda sang singsing.,They went to the pawnshop to pawn a ring.
Ang ahénte sang insurance nagpahatag sang ila polisiya.,The insurance agent explained their policy.
Ginigisa ni Nanay ang áhos kag sibuyas.,Mother is sautéing the garlic and onions.
Mainum si Tatay sang alabá’ab nga tubig.,Father will drink lukewarm water.
Gindilian sang doktor ang pag-inom sang álak.,The doctor forbade the drinking of liquor.
Siya ang paborito nga alágad sang mag-asawa.,He is the favorite adopted person of the couple.
Matahum ang mangá aláhas nga nakatago sa kahon.,The jewelry hidden in the box is beautiful.
Ang álam sang tigulang daku gid ang nabulig sa amon.,The wisdom of the elder helped us a lot.
Gingamit ang alámbre para ihigot ang mangá gamit.,Wire was used to tie the things together.
May alangá’ang ang bata gani wala siya kaeskwela.,"The child has a slight fever, so he didn't go to school."
Álang’álang pa ang prutas nga nakuha mo sa kahoy.,The fruit you picked from the tree is still immature.
Ang tanan nga tawo dapat alangáy sa idalum sang layi.,All people should be equal under the law.
Alás tres na.,It is already three o’clock.
Bawasan mo ang álat sang imo ginaluto.,Reduce the saltiness of what you are cooking.
Puno ang alát sang mangá preska nga isda.,The basket is full of fresh fish.
Nag-álay ang akon likod sa sige pungko.,My back became stiff from sitting too long.
Nag’aláy’ay si Manuel kag si Jose kay Noel.,Manuel and Jose carried Noel.
Naghatag sang mensahe ang alkálde sa mga pumuluyo.,The mayor gave a message to the citizens.
Naka-eksperyensya kami sang alkánse sa negosyo subong.,We experienced a financial loss in business now.
Ang bata nagasulod sang iya sensilyo sa alkansíya.,The child is putting his coins into the coin bank.
Ang mangá mamumugon nagbutang sang alkítran sa kalsada.,The workers put tar on the road.
Ang alibángbang nagalupad sa tunga sang mangá bulak.,The butterfly is flying among the flowers.
Nadula ang iya aligútgut sang nag-istoryahanay sila.,His rage disappeared when they talked to each other.
Nagbakal si Nanay sang preska nga alimángu sa merkado.,Mother bought fresh crab at the market.
May daku nga alipúlus nga natabo sa baybayon.,A big cyclone happened at the coast.
Gin’alíntun ni José ang balíta’ kay Joséfa.,Jose related the incident to Josefa.
Dapat mangin alísto kita kon may katalagman.,We must be alert when there is danger.
Nagbakal ako sang kinahanglanon sa almasín.,I bought the necessities at the store.
Gintunaw ni Lola ang almidól para sa iya bayo.,Grandma dissolved the starch for her clothes.
Ang almiránte ang nagagiya sa bug-os nga hubon.,The admiral guides the entire fleet.
Kinahanglan tun-an sang mga bata ang alpabéto.,The children need to study the alphabet.
Mahumok ang alpómbra nga ginbakal ni Nanay.,The carpet that Mother bought is soft.
Gin’álsa nya ang báskit.,He lifted the basket.
May gamay siya nga alúm sa iya ilong.,She has a small mole on her nose.
Ano ang imo alúng’ung parte sa amon leksyon?,What is your opinion regarding our lesson?
Gin’-áman ni nánay ang pagká’un sa bisíta.,Mother prepared the food for the visitor.
Ang amargóso maayo gid nga bulong sa lawas.,Bitter melon is a very good medicine for the body.
Amát’amát lang ang pagkat-on sang bag-o nga hambal.,Learning a new language happens gradually.
Siya ang mapinalanggaon nga amáy sa iya mangá anak.,He is a loving father to his children.
Nabatian namon ang ámba sang mangá kaparian.,We heard the chant of the priests.
Gin’ámbit nya ang kadunggánun.,He shared in the honor.
Ang iya ámbung naga-iwag sa bug-os nga kwarto.,Her radiance lights up the whole room.
Ámbut kon diin na nagkadto ang akon mangá libro.,I don't know where my books went.
Madamo nga mangá Pinoy ang nagaistar sa Amérika.,Many Filipinos live in America.
Nagsuksok siya sang puti nga amerikána sa selebrasyon.,He wore a white formal coat at the celebration.
Ang Amerikáno nga bisita nanamian sang amon pagkaon.,The American guest liked our food.
Si Jose ang akon pinakasuod nga amígo.,Jose is my closest friend.
Natuhog ang iya mata sang iya kaugalingon nga amimíluk.,Her eye was poked by her own eyelash.
Ang hangin nagahalin sa dapit nga amínhan.,The wind is coming from the north.
Gin’-amligán ni Élsa ang íyang bág’ung líbro.,Elsa was careful with her new book.
Ang iya ámpu’ napamatian sang Mahal nga Diyos.,Her prayer was heard by the Lord.
Maayo ang pagtratar sang amon ámu sa amon.,Our boss treats us well.
Amú gid ini ang rason kon ngaa wala ako nakatapos.,That is the reason why I didn't finish.
Ang amú’ nagahampang sa sanga sang kahoy.,The monkey is playing on the tree branch.
Gintun-an kami kon paano mag-amúma sang mangá sapat.,We were taught how to nurture animals.
Ini ang ámun nga eskwelahan sa amon banwa.,This is our school in our town.
Naghatag ang mangá ginikanan sang ámut para sa kudal.,The parents gave a contribution for the fence.
Kanami sang ámyun sang bag-o nga luto nga kan-on.,The fragrance of newly cooked rice is nice.
Sulatan mu si José.,You write to Jose.
Nagkita’áy silá.,They saw each other.
Nagsugál kamí sa sugálan.,We gambled in the gambling den.
Palangga gid ni Nanay ang iya mangá anák.,Mother loves her children very much.
Butangánan iná’ sang mangá líbro.,Those are bookshelves.
Nagsumbagánay silá.,They boxed each other.
,
Hulat ánay.,Please wait a minute.
,
Natabo ang daku nga ánaw sang panahon ni Noah.,The great flood happened during the time of Noah.
Nag’ámdam sa pagmaného si Pedro.,Pedro was cautious with his driving.
"Paghalin sang barko, ginkakas na ang andámyu.","When the ship left, the gangplank was removed."
Nag’ándar ang motor.,The motor worked.
Si anhíng Juan isa ka maayo nga tawo.,The late Juan was a good man.
Madamo ang amon áni nga humay subong.,Our rice harvest is plenty right now.
Gin’aningál nya ang tíngug ní nánay.,She seemed to hear mother’s voice.
Manghinaw ka sang kamot ántes magkaon.,Wash your hands before eating.
Antígu na sia maghambal sang Ingles.,He is already knowledgeable in speaking English.
Antipatikú ang iya pamatasan sa mga tawo.,His behavior towards people is unsympathetic.
May napanimshuan ako nga ántud halin sa kusina.,I smelled a burnt odor coming from the kitchen.
Nag’ántus akú sang kapobréhan.,I suffered through poverty.
Kinahanglan ni Lola ang iya antyúhus para magbasa.,Grandma needs her eyeglasses to read.
Anú iní?,What is this?
Gin-ánud sang sulog sang tubig ang mga kahoy.,The water current caused the wood to drift.
Manggaránun si Conchita.,Conchita is rich.
Banwahánun si Teresíta.,Teresita is from the town.
Nabatian namon ang anúnsyo sa radyo kaina.,We heard the announcement on the radio earlier.
Ang iya ányag wala gid nagatuhay.,Her beauty is truly incomparable.
Ano nga ányo ka gin-anak?,What year were you born?
Ang líbro ára’ sa lamésa.,The book is on the table.
Ang imo bayo ángay gid sa okasyon.,Your dress is very appropriate for the occasion.
Gin’ángkab sang idú’ ang báta’.,The dog bit the child.
Ginhulog sang kapitan ang ángkla sang sakayan.,The captain dropped the anchor of the boat.
Nag’ángkun sya sang kwárta.,He acquired some money.
"""Dodoy"" ang iya ángga’ sa ila balay.","""Dodoy"" is his nickname at their house."
Ang mag-ulutod ánggid gid sing pangguyahon.,The siblings look very alike in the face.
I-angút ang pisi sa haligi sang balay.,Fasten the rope to the post of the house.
Nagbakal ako sang ice cream nga may ápa.,I bought an ice cream with a cone.
Ang bata nga apá’ nagagamit sang senyas.,The mute child uses signs.
Gústo ku magbakál ápang walá’akú sang kwárta.,"I would like to buy, but I don’t have any money."
Ipaplastar ang mga bayo sa sulod sang aparadór.,Arrange the clothes inside the closet.
Nag-ápas si Maria sa iya Nanay sa merkado.,Maria followed her mother to the market.
Ginkakas sang doktor ang iya ápdu.,The doctor removed his gall bladder.
Ano ang apelyédo sang imo pamilya?,What is your family's surname?
Indi maayo ang mag-ápin sa sala nga buhat.,It is not good to side with wrongdoings.
Apínas na ang isda sa suba subong.,Fish are scarce in the river now.
Nag’aplá’ag ang florera.,The flower vase scattered into pieces.
Paborito ni Lola ang iya kamanghuran nga apú.,Grandma's favorite is her youngest grandchild.
Na-ápuk ang mga atop sang balay sa kusog sang hangin.,The roofs of the houses were blown aside by the strong wind.
Naggamit sila sang ápug para sa paghimo sang kalamay.,They used lime for making sugar.
Nag’apurá akú kay ulihí na akú.,I was in a hurry because I was already late.
Ára’ sa ibabaw sang lamesa ang imo libro.,Your book is there on top of the table.
Ang imo libro ára’ dirá’ sa idalom sang lamesa.,Your book is there under the table.
Ginhanda ni Tatay ang arádu para sa talamnan.,Father prepared the plow for the field.
May matahum nga árko sa pirtahan sang banwa.,There is a beautiful arch at the town entrance.
Aresgádo gid sia kon parte sa pagbiyahe.,He is very adventurous when it comes to traveling.
Ári na ang pagkaon nga ginbakal ko.,The food I bought is here.
Arí’arí ang pagtubo sang tanom kay wala sing tubig.,The plant's growth is stunted because there is no water.
Ári dirí sa akon ang yabi sang balay.,The house key is here with me.
Mataas ang iya grado sa aritmétika.,His grade in arithmetic is high.
Nadula ang pikas nga arítus ni Inday.,Inday lost one side of her earring.
Ginkumpiskar sang mga pulis ang mga ármas.,The police confiscated the weapons.
Manami ang árte sang iya pagpinta.,The art of his painting is nice.
Nakabasa ako sang manami nga artíkulo sa peryodiko.,I read a nice article in the newspaper.
Arúy! Nasalapay ang akon tiil sa silya.,Ouch! My foot bumped against the chair.
Milyonaŕyo na si López.,Lopez is already a millionaire.
Ásab gid sia magkaon kon gutom.,He is very gluttonous when eating if he's hungry.
Nag asál kamí sang bábuy.,We roasted a pig.
Pula pa ang ásang sang isda gani preska ini.,"The fish gills are still red, so it is fresh."
Maayo nga asáwa si Elena sa iya bana.,Elena is a good wife to her husband.
Ang kudal human sa mabakod nga aséro.,The fence is made of strong steel.
Ang mga tigulang nagaistar sa asílo.,The elderly live in the sanctuary.
Nag’asikáso akú sang umá.,I took care of the farm.
Butangi sing diutay nga asín ang sud-an.,Put a little salt in the dish.
Sobra ang áslum sang sani nga sinigang.,The sourness of this soup is too much.
Nakita namon ang madamol nga asú halin sa bukid.,We saw thick smoke coming from the mountain.
Nagbakal ako sang isa ka kilo nga asúkar.,I bought one kilo of sugar.
Ang asúgi sa sulod sang thermometer makahalit.,The mercury inside the thermometer is harmful.
Ang duag sang iya bayo amo ang asúl.,The color of her dress is blue.
May asúntu sia sa korte parte sa duta.,He has a lawsuit in court regarding the land.
Indi matuod ang mga istorya parte sa áswang.,The stories about witches are not true.
Ang asyendéro nagahatag sang trabaho sa mga tawo.,The landowner provides jobs to the people.
Ang atataró nagakaon sang mga dahon.,The caterpillar eats the leaves.
Gin’atáke sang mangá soldádo ang mangá tulisán.,The soldiers attacked the bandits.
Ang atáy isa ka importante nga parte sang lawas.,The liver is an important part of the body.
Sin-o ang ma-atendér sa mga bisita?,Who will attend to the guests?
Kinahanglan sang bata ang aténsyon sang iya ginikanan.,The child needs the attention of his parents.
Áthag gid ang iya paathag parte sa leksyon.,His explanation about the lesson is very clear.
Nag’atí ang mangá Huk sa búkid.,The Huks plundered the mountain area.
Nag’atipán akú sang pasyénte.,I took care of the patient.
Gin’atipuyúng akú ka’ína.,I felt faint earlier today.
Nag’átras akú.,I moved back.
Atráso na kami nag-abot sa eskwelahan.,We arrived late at school.
Namit i-pares ang atsára sa sinugba.,Pickled papaya is delicious to pair with grilled food.
Tan-awa ang bukid sa atú nga dapit.,Look at the mountain in that place over there.
Nag’atúbang akú sa ímu.,I faced you.
Tuluka ang pispis atú dídtu sa ibabaw sang bungtod.,Look at the bird over there on top of the hill.
Ini ang átun pungsod Pilipinas.,"This is our country, the Philippines."
Kinahanglan kay-uhon ang naga-tulu nga atúp.,The leaking roof needs to be fixed.
Gamit sang cotton buds sa pagkuha sang atutúli.,Use cotton buds to remove earwax.
Nakabatyag ako sang áwa’ sa makililimos.,I felt pity for the beggar.
Nag-áwas ang tubig sa balde.,The water overflowed from the bucket.
Gin’awát mu lang akú.,You just wasted my time.
Wala sing maayo nga madulot ang áway.,A fight brings nothing good.
Nagbisita sia gamit ang iya bag-o nga áwto.,He visited using his new car.
Áy! Nalipat ako magdala sang akon pitaka.,Oh no! I forgot to bring my wallet.
Mag-buligay kita para matapos ang obra.,Let's help each other to finish the work.
Gin’ayág ku ang harína.,I sifted the flour.
Nangayám silá sang usá.,They hunted for deer.
Gin’ayáp ku ang ílu.,I adopted the orphan.
Na’ayáwan si Pédro sang pagká’un.,Pedro was more than satisfied with the food.
Sigúro ang kandidáto ku áyhan ang mada’úg.,Perhaps my candidate will win.
Nag’áyu ang masakítún sang hináli’.,The sick person got well rapidly.
Nag-áyu’ ako sang presyo sa tindahan.,I asked for a discount on the price at the store.
Takpi ang imo bá’bá kon ikaw mag-uy-ab.,Cover your mouth when you yawn.
Ang akon maestra isa ka maayo nga babáyi.,My teacher is a good woman.
Nagpakaon si Tatay sang mga bábuy sa kulungan.,Father fed the pigs in the pen.
Ang gatas sang báka masustansya gid.,Cow's milk is very nutritious.
Ang iya paglakat medyo baká’.,His way of walking is a bit bow-legged.
Ginbakág akú sang hulát sa íya.,I got annoyed waiting for him.
Gusto ko mag-bakál sang bag-o nga sapatos.,I want to buy new shoes.
Malipayon ang amon bakasyón sa Boracay.,Our vacation in Boracay was happy.
Ginbákbak ku ang pánit sang káhuy.,I stripped off the bark of the tree.
Ang mga bákhaw nagaprotekta sa baybayon.,The mangroves protect the coast.
Nagbákhu’ silá sang pagkamatáy sang íla amáy.,They mourned the death of their father.
Báknal ang iya dala nga mga bag.,The bags he is carrying are bulky.
Gin-báknit niya ang akon kamot para makuha ang akon atensyon.,He nudged my hand to get my attention.
Bákud gid ang pundasyon sang sining balay.,The foundation of this house is very strong.
Ginbákul si Juán sang mangá hurúng.,Juan was badly beaten by some goons.
Nagtakas kami sa bakúlud para makita ang view.,We climbed the hill to see the view.
Importante ang bakúna para malikawan ang sakit.,Vaccination is important to avoid illness.
Madamo ang iya bádlu’ tungod sang ubo.,He has a lot of phlegm because of the cough.
Ginbádlung ku ang ákun mánghud.,I corrected the behavior of my younger sister.
May mga bága pa sa idalum sang abo.,There are still embers under the ash.
Ginbuligan ko sia sa pagpasan sang iya bagáhe.,I helped him carry his luggage.
Ginbagáng ku ang plántsa.,I heated the iron.
Si Dr. Jose Rizal ang amon pungsodnon nga baganíhan.,Dr. Jose Rizal is our national hero.
Ang bagásu mahimo nga gatong sa pagluto.,Bagasse can be used as fuel for cooking.
Ang isla sang Mindanao yara sa dapit nga bagátnan.,The island of Mindanao is in the south.
Ano ini nga bágay nga yara sa sulod sang kahon?,What is this thing inside the box?
Kinahanglan i-bágid ang posporo para magdabdab.,You need to rub the matchstick for it to light up.
Nabatian namon ang bágrung sang dalugdog.,We heard the roaring sound of the thunder.
Nagbágrut ang ngípun mu kagáb’i.,You ground your teeth (in your sleep) last night.
Ginpangpaksian niya ang katre tungod sa bágsak.,He cleaned the bed because of bedbugs.
Nagbágting ang lingánay.,The bell rang.
Nagbágtung kamí sang mangá kamátis.,We wrapped some tomatoes.
Magpangamuyo kita bágu magtulog.,Let's pray before sleeping.
Ipakita ko sa imo ang akon bág’u nga hampanganan.,I will show you my new toy.
Ginhimo namon nga baso ang bagúl.,We made the coconut shell into a cup.
Wala sing klase tungod sa baskog nga bágyu.,There are no classes due to the strong typhoon.
Nagtaas ang tubig kag nag-bahá’ sa amon kalsada.,The water rose and flooded our street.
Bahála’ ka na siná’.,You are responsible for that.
Ini ang imo báhin sa amon nakuha nga mangga.,This is your share of the mangoes we gathered.
Ginbáhit ku ang sinúgba nga bábuy.,I took the roasted pork out of the fire.
Manami ang tunog sang báhu sa kanta.,The sound of the bass in the song is nice.
Indi maayo ang báhu’ sang dunot nga pagkaon.,The smell of rotten food is not good.
Gintimpla ni Nanay ang bahúg para sa mga sapat.,Mother mixed the pig food for the animals.
Bahúl ang tela sang iya ginbakal nga bayo.,The fabric of the dress she bought is coarse.
Nag-bahún sia tungod sa yab-uk.,He sneezed because of the dust.
I-bá’id ang binangon sa bintana nga bato.,Sharpen the bolo on the whetstone.
Ginbá’is nya si Rubén.,He argued with Ruben.
Naubusan sang bála ang iya pusil.,His gun ran out of bullets.
"Ma’éstro si Pédro, índi’ balá?","Pedro is a teacher, isn’t he?"
Nagbalábag ang áwto sa kálye.,The car blocked the street.
Ginbaláka sya sang hitabú.,He felt concerned about the incident.
Gin-bál’ag niya ang sidsid sang tabla para magpino.,He filed the edge of the board to make it smooth.
Ang balágun nagakamang sa kudal.,The vine is crawling on the fence.
Mahumok ang balahíbu sang akon kuring.,My cat's fur is soft.
Nagluto si Nanay sang tinola nga balának.,Mother cooked mullet ginger soup.
Nagbalánse si Juán sa bángku.,Juan balanced himself on top of the bench.
Nakita namon ang matahum nga balangáw pagkatapos sang ulan.,We saw a beautiful rainbow after the rain.
Madamo sing maputi nga balás sa baybayon sang Boracay.,There is a lot of white sand on the beach of Boracay.
Ginabalása ku ang mangá baráha.,I shuffled the cards.
Indi mag-upod sa tawo nga balasúbas ang pamatasan.,Do not go with a person who has inconsiderate manners.
Ano ang ginabatyag mo nga balatí’an sa imo lawas?,What illness are you feeling in your body?
Amo ini ang amon gamay nga baláy sa banwa.,This is our small house in the town.
Naghimo ang mga bata sang bálaybálay sa idalum sang kahoy.,The children made a playhouse under the tree.
Nagsulat sia sang isa ka baláybay para sa iya pinalangga.,He wrote a poem for his beloved.
Ginkay-o sang tubero ang guba nga balbolá.,The plumber fixed the broken valve.
May bálda ang akon likod tungod sa bug-at nga dala.,My back has soreness due to the heavy load.
Punuon mo sing tubig ang báldi.,Fill the bucket with water.
Masulhay maglakat sa baldúsa sang balay.,It is comfortable to walk on the concrete floor of the house.
Bále ánum ka písos ang ímu útang.,Your debt amounts to six pesos.
Puno sang bálhas ang iya bayo tungod sa init.,His clothes are full of perspiration because of the heat.
Gusto niya mag-bálhin sang iya puluy-an sa pikas nga kalsada.,He wants to move his residence to the other street.
May balí’ ang iya tul-an sa tiil tungod sa aksidente.,He has a fracture in his leg bone because of the accident.
Wala sia nagbaton sang bisan ano nga balíbad.,He did not accept any excuse.
Ma-balík kami sa amon probinsya sa sunod nga semana.,We will return to our province next week.
Masakit ang iya balikawáng kon sia nagalakat.,Her hip hurts when she walks.
Nagabalikíd si Noél pára makíta’ nya ang dalága nga matahúm.,Noel looked back so that he could see the beautiful lady.
Madamo sia sing balígya’ nga prutas sa merkado.,She has many fruit goods for sale at the market.
Nagbalískad ang papél sa hángin.,The paper overturned in the wind.
Ginbalíswa’ ni Joselíto ang pláto.,Joselito turned the plate over.
Maayong balíta’ ang akon nabatian kaina sang aga.,I heard good news earlier this morning.
Ang bálu nga babayi nagpadayon sa pag-atipan sa iya mga anak.,The widow continued to care for her children.
Huguta ang balú’ sang pisi para indi mahubad.,Tighten the knot of the rope so it won't come undone.
Matas ang mga balúd tungod sa mabaskog nga hangin.,The ocean waves are high because of the strong wind.
Nagpreparar kami sang amon bálun para sa pagbiyahe.,We prepared our provisions for the trip.
I-hulog ang imo balúta sa sulod sang kahon.,Drop your ballot inside the box.
Nagsakay kami sa bálsa pakadto sa pikas nga pangpang.,We rode on a raft to the other bank.
Ang maayo nga buhat may maayo man nga bálus.,A good deed also has a good reward.
Ginbalúskay ku ang mangá báyu sa pagpangíta’ sang ákun síngsing.,I rummaged through my clothes to look for my ring.
Namit gid magkaon sang balút kon gabii.,It is very delicious to eat balut at night.
May nakita sila nga daku nga balyéna sa tunga sang dagat.,They saw a large whale in the middle of the sea.
Ang iya bána naga-obra sa abroad.,Her husband is working abroad.
Nakita namon ang baná’ag sang adlaw sa sidlangan.,We saw the rays of the sun in the east.
Nag-agi kami sa makidit nga banás pakadto sa uma.,We went through a narrow path towards the farm.
Ang bánda sang musiko nagatukar sa plaza.,The music band is playing in the plaza.
Ipaplastar ang niluto nga manok sa bandehádo.,Arrange the cooked chicken on the platter.
Gin-kay-o ang bandéra sang Pilipinas sa atubangan sang eskwelahan.,The Philippine flag was set up in front of the school.
Nabatian namon ang bándo sang gobyerno sa radyo.,We heard the government announcement on the radio.
Nabánhaw si Krísto.,Christ resurrected.
Mahumok tulugan ang baníg nga human sa pandan.,The mat made of pandan is soft to sleep on.
Baníhut gid ang bata nga indi magpati sa iya nanay.,The child who won't listen to his mother is very stubborn.
Nagbansúli’ akú.,I tumbled over.
"Sa akon bánta’, maga-ulan gid karon sa hapon.","In my opinion, it will really rain this afternoon."
Ginbántal ku ang ákun mangá báyu’.,I wrapped my clothes together.
Ang bantála’ parte sa bagyo importante sa tanan.,The broadcast regarding the typhoon is important to everyone.
May bántay sa pirtahan sang banko.,There is a guard at the bank door.
Ginbánting ku ang kawáyan.,I fastened the bamboos together.
Bántug sia tungod sa iya kahanas sa pagpinta.,He is famous for his skill in painting.
Malapit lang ang amon bánwa sa siudad.,Our town is just near the city.
Malimpyo gid ang bányo sa sulod sang balay.,The bathroom inside the house is very clean.
Ang tubig sa sulod sang bangá’ matugnaw gid.,The water inside the earthen jar is very cold.
Ginkasalan sang mga paryente ang bángkay sang tigulang.,The relatives visited the corpse of the elder.
Maglakat kita sa bangkéta para luwas sa salakyan.,Let's walk on the sidewalk to be safe from vehicles.
Nagpreparar sila sang daku nga bangkéte para sa fiesta.,They prepared a large banquet for the fiesta.
Nag-deosito sia sang kwarta sa bángko.,He deposited money in the bank.
Nagpungko sila sa bángku’ sa idalum sang puno.,They sat on the wooden bench under the tree.
Ano ang imo bangdánan kon ngaa wala ka kaabot?,What is your reason for not arriving?
Nagbángday ang púnu’ sang ságing sa padér.,The banana tree leaned against the wall.
Nag-bángga’ ang duha ka bisikléta sa kalsada.,The two bicycles collided on the road.
Ginbángig ni Lóla si Lólo.,Grandmother quarreled with Grandfather.
Ang bangís nga agalon wala nagahatag sang sweldo.,The cruel master does not give wages.
"Bangúd sang aksidénte, nabúlag si Córa.",Cora became blind because of the accident.
Ma-bángun ako sang aga para mag-ehersisyo.,I will arise in the morning to exercise.
Nagsakay kami sa bapór pakadto sa Manila.,We rode a ship towards Manila.
May bará ang gripo gani wala naga-awas ang tubig.,"The faucet is clogged, so the water doesn't flow out."
Gingamit ni Tatay ang bára para bungguon ang semento.,Father used the crowbar to break the cement.
Nagahampang sila sang baráha samtang nagahulat.,They are playing cards while waiting.
Kapay gid sa barandílya para indi ka mahulog.,Hold onto the railing so you won't fall.
Madamo sing tawo sa mall tungod sa baratílyo.,There are many people at the mall because of the bargain sale.
Baráto lang ang bili sang isda sa merkado karon.,The price of fish in the market is cheap right now.
Gin-pangan-an ni Jose ang iya bárbas.,Jose trimmed his beard.
Nagkadto sia sa barbéro para magpabulog.,He went to the barber to get a haircut.
Puno sing lana ang barílis sa bodega.,The barrel in the warehouse is full of oil.
Gingamit ang barína para buhuan ang tabla.,The drill was used to make a hole in the board.
Masakit ang iya barukán gani nagkadto sia sa doktor.,"His urinary bladder hurts, so he went to the doctor."
Nagsakay sila sa barútu para mangisda.,They rode in a canoe to go fishing.
Gamay lang ang amon báryu pero malinong diri.,Our village is small but peaceful here.
Gusto ko mag-bása sang libro sa library.,I want to read a book in the library.
Basá’ ang iya bayo tungod sang ulan.,His clothes are wet because of the rain.
Baság ang iya tingog tungod sa sobra nga tinaga.,His voice is hoarse from too much speaking.
Gin-básbas ni Tatay ang mga sanga sang kahoy.,Father trimmed the branches of the tree.
Ibutang ang mga prutas sa sulod sang báskit.,Put the fruits inside the basket.
Báskug ang tunog sang radyo sa balay.,The sound of the radio in the house is loud.
Bási’ índi akú maka’abút sa alás tres.,I may not arrive at three o’clock.
Nagbuong ang báso sang nahulog ini sa salog.,The drinking glass broke when it fell on the floor.
Makádtu akú sa Lunéta básta hapítun nínyu akú.,I will go to Luneta if you pass by for me.
Nagagamit si Lolo sang bástun sa paglakat.,Grandpa uses a cane when walking.
Indi maayo nga mangin bástus sa mga tigulang.,It is not good to be rude to elders.
Wala sing pulos ang mag-básul sa natabo na.,There is no point in regretting what has already happened.
Ihaboy ang imo basúra sa husto nga bulutangan.,Throw your garbage in the proper container.
Nagbásya kamí sang túbig sa dálan.,We threw water into the street.
Nagsuksok sia sang iya báta antes magtulog.,She wore her nightgown before sleeping.
Maalam ang báta’ nga nagaeskwela diri.,The child studying here is smart.
Indi mag-ininto nga batá’batá’ kay daku ka na.,Do not act childishly because you are already big.
Ginbátak ku ang tímba’ sa bubún.,I raised the bucket up the well.
Nagbátas ikáw sang dakúng kasákit.,You endured a great affliction.
Maayo ang batásan sang mga tawo sa sining lugar.,The character of the people in this place is good.
Ginbatí ku ang ítlug.,I beat the egg.
Mabati’án ku ang hámbal sa sunúd nga kwárto.,I can hear the talk in the next room.
Ano ang imo báti’ parte sa amon plano?,What are your feelings regarding our plan?
Nagmamati’batí’ si Cora sa balíta’ ni Josefína.,Cora eavesdropped on the news of Josefina.
Batíd sia sa pag-obra sang mga guba nga gamit.,He is clever at fixing broken items.
Napilas ang iya batí’is sa paghampang sang football.,His leg was wounded while playing football.
Madamo sing istorya parte sa batinggílan nga babayi.,There are many stories about the flirtatious woman.
Kinahanglan kay-uhon ang mga bátsi sa kalsada.,The potholes on the road need to be repaired.
Daku ang batú nga nakit-an namon sa suba.,The rock we found in the river is large.
Kinahanglan mag-bátu’ kita para sa aton kinamatarung.,We need to fight for our rights.
Ang batúbaláni’ nagabutong sang mga metal.,The magnet pulls metal objects.
Ginbatúbatú ku ang mangá lítra.,I spelled the letters.
Nag-debate sila sa pag-bátuk sa bag-o nga layi.,They debated to oppose the new law.
Dilaw ang kolor sang bátug sang itlog.,The color of the egg yolk is yellow.
Malipayon niya nga gin-bátun ang iya regalo.,He happily received his gift.
May dala nga batúta ang pulis nga nagabantay.,The guard policeman is carrying a club.
Ginagamit ni Nanay ang bátya’ sa paglaba.,Mother uses the washbasin for doing laundry.
May maayo ako nga bátyag sa sining aga.,I have a good feeling this morning.
Mahinay maglakat ang ba’ú.,The land turtle walks slowly.
Indi na pwede kaunon ang ba’úg nga itlog.,The rotten egg can no longer be eaten.
Ang mag-asawa nga báw’as nag-adoptar sang bata.,The barren couple adopted a child.
Gusto niya báwi’ ang iya napanubli nga duta.,He wants to reclaim his inherited land.
Nagbawtisár ang pári sang mangá báta.,The priest baptized the children.
Ginbayá’an sang asáwa ang íya bána.,The wife left the husband.
Namit ang prutas sang bayábas kon hinog na.,The guava fruit is delicious when it is ripe.
Pila ang imo báyad sa plete sa dyip?,How much is your payment for the jeepney fare?
Maayo ang pagtratar sang iya bayáw sa iya.,His sibling-in-law treats him well.
Gin-báyaw sang pari ang ostiya.,The priest elevated the host.
Malipayon ang mga bata nga nagahampang sa báybay.,The children playing on the beach are happy.
Madamo sing tawo sa baylíhan kon Sabado sang gabii.,There are many people at the dancehall on Saturday nights.
Ginbayluhán ku ang báyu’ sang sapátus.,I exchanged the dress for a pair of shoes.
Nagbayú kamí sang humáy.,We pounded some rice.
Manami ang imo báyu’ nga ginsuksok.,Your clothes that you are wearing now are nice.
Ginkarga nila ang mga binakal sa bayú’ung.,They loaded the purchases into the palm leaf bag.
May bentáha’ ang tawo nga madamo sing nahibaluan.,A person who knows a lot has an advantage.
Bérde ang duag sang mga dahon sang kahoy.,The color of the tree leaves is green.
Nagbasa kami sang isa ka bersíkulu halin sa Bibliya.,We read a verse from the Bible.
béynte num twenty; /ika-/ twentieth.,
Ang mga bíbi nagalangoy sa sulod sang punong.,The ducks are swimming inside the pond.
Namula ang iya bibíg tungod sang lipstick.,Her lips turned red because of the lipstick.
Ang Bíbliya amo ang pulong sang Diyos.,The Bible is the word of God.
Ginbuligan namon ang mga biktíma sang baha.,We helped the victims of the flood.
Malaba ang bigúti sang iya lolo.,His grandfather's moustache is long.
Ang mga bíhag ginpagwa na sang mga militar.,The captives were released by the military.
Ginbílang akú nga myérmbro sang famílya.,I was considered a member of the family.
Ang bilánggu yara sa sulod sang karsel.,The prisoner is inside the jail.
Ang iya bilás amo ang bana sang iya manghod.,His bilas is the husband of his younger sibling.
Mataas ang bilí sang mga pagkaon sa subong.,The cost of food is high right now.
Ginbilíd ku ang téla.,I looked at the cloth closely.
Amo ini ang iya katapusan nga bílin sa amon.,This is his final request to us.
Pila ang bilín nga kwarta sa imo pitaka?,How much is the remainder of the money in your wallet?
Hatagi ako sang isa ka bílug nga tinapay.,Give me one piece of bread.
Bilúg ang porma sang bola.,The shape of the ball is round.
Mahilig sia maghampang sang bílyar kon hapon.,He likes playing billiards in the afternoon.
Kinahanglan mo sang bilyéte para makasulod sa sinehan.,You need a ticket to enter the cinema.
I-binágbinág mo sing maayo ang imo desisyon.,Consider your decision well.
Gingamit ni Tatay ang binágun sa pag-utod sang kawayan.,Father used the machete to cut the bamboo.
Nagtanom kami sang mga bínhi’ sang luy-a.,We planted the ginger seedlings.
Nag-inom sila sang bíno sa selebrasyon.,They drank wine during the celebration.
Buksan mo ang bintána’ para magsulod ang hangin.,Open the window so the air can come in.
May bingáw ang iya unto sa unahan.,He has a missing tooth in the front.
Ginbíngkal ni Pédro ang bintána’.,Pedro broke the window.
Nagpangamuyo sila sa Mahal nga bírhen.,They prayed to the Blessed Virgin.
Nagbís’ak si Juan sang galatúng.,Juan split some firewood.
Nagkádtu sya sa eskwelahán bisán malúya ang íya láwas.,He went to school even though he is not feeling well.
Pwede ka magbakal sang bisán anú nga gusto mo.,You can buy anything you want.
Makakadto kita sa bisán di’ín nga lugar.,We can go to anywhere [any place].
Maeskwela ako bisán pa maga-ulan.,I will go to school even though it will rain.
Bisán sín’u pwede magpasakop sa programa.,Anybody can join the program.
Proud ako nga isa ka bisáya’.,I am proud to be a Visayan.
Sia ang nagserbe nga bísi presidente sang grupo.,He served as the vice president of the group.
Ginagamit niya ang iya bisikléta pakadto sa obra.,He uses his bicycle to go to work.
May nag-abot kami nga mga bisíta halin sa Manila.,We have visitors who arrived from Manila.
Kanami sang bísta halin sa ibabaw sang bukid.,The view from the top of the mountain is nice.
Ang pagpanigarilyo isa ka malain nga bísyu.,Smoking is a bad vice.
Ginbítad ni María ang téla.,Maria spread out the cloth.
Ang prutas madamo sing bitamína.,Fruit has many vitamins.
Ginbítay ang kriminál.,The criminal was hanged.
Nagbítbit akú sang báskit.,I carried a basket.
May mga bitík ang kuring gani dapat ini limpyohan.,"The cat has fleas, so it must be cleaned."
Nakakita ako sang daku nga bitín sa kakahuyan.,I saw a large snake in the woods.
Masanag ang mga bitú’un sa langit kon gabii.,The stars in the sky are bright at night.
Ginbiyá’an nilá ang íla baláy.,They abandoned their house.
Wala sia sing nasulat sa blángko nga papel.,He has nothing written on the blank paper.
Matahum ang iya bag-o nga blósa.,Her new blouse is beautiful.
Kinahanglan naton padamuon ang aton bokabuláryo.,We need to increase our vocabulary.
Ang mga gamit nakatago sa sulod sang bodéga.,The items are stored inside the warehouse.
Naghampang ang mga bata sang bóla sa plaza.,The children played with a ball at the plaza.
Ginagamit ang bómba para makuha ang tubig.,The pump is used to get water.
Nag-abot ang mga bombéro para patyon ang kalayo.,The firemen arrived to extinguish the fire.
Kinahanglan ilisan ang guba nga bombílya.,The broken electric bulb needs to be replaced.
Mabaskog ang tunog sang bómbo sa parada.,The sound of the drum in the parade is loud.
Diin mo ginbutang ang akon boradór?,Where did you put my eraser?
Kanami sang bórda sa imo bayo.,The embroidery on your dress is nice.
I-sulod ang tubig sa sulod sang botélya.,Put the water inside the bottle.
Nagbakal ako sang bulong sa botíka.,I bought medicine at the drug store.
Importante ang imo bóto sa eleksyon.,Your vote is important in the election.
Indi ka magpati sa mga hambal sang tawo nga bú’ang.,Do not believe the words of a crazy person.
Delikado magpalapit sa mga bu’áya.,It is dangerous to go near crocodiles.
Ginbúbu ku ang túbig sa batíya.,I poured the water into the basin.
Nagakuha kami sang tubig sa bubún.,We get water from the well.
Gin-kay-o nila ang guba nga bubungán.,They fixed the broken roof.
May gamay nga buká’ ang dingding sang balay.,The wall of the house has a small crack.
Nagbúkad ang búlak.,The flower opened.
Naga-bukál na ang tubig sa kalaha.,The water in the pan is already boiling.
Bukás ang pirtahan sang eskwelahan.,The school door is opened.
Ang búkaw makita kon gabii.,The owl can be seen at night.
May mga búkbuk ang daan nga kahoy.,The old wood has weevils.
Mataas ang búkid nga amon gintakas.,The mountain we climbed is high.
Masakit ang akon bukú sa tudlo.,My finger joint hurts.
Ano ang imo búku’ para sa aton selebrasyon?,What is your plan for our celebration?
Napilas ang iya bukúbukú sang sia nahulog.,His ankle was wounded when he fell.
Ang tigulang nga búktut naga-obra gihapon.,The hunchback elder is still working.
Búkud gid ang pagkapay sang bata sa iya nanay.,The child's hold on his mother is very secure.
May bukúl sia sa iya ulo tungod sa bunggo.,She has a lump on her head because of the bump.
Ginbúkut ku ang manúk pára magtámbuk.,I cooped up the chicken to fatten it.
Sunura ang ginahambal sang imo búdhi’.,Follow what your conscience says.
Búdlay gid ang mag-obra sa idalum sang init sang adlaw.,It is very difficult to work under the heat of the sun.
Ginbugá sang bolkán ang mangá bága.,The volcano belched out lava.
Ang iya kadalag-an amo ang amon bugál.,His victory is our pride.
Nagbakal si Tatay sang isa ka sako nga bugás.,Father bought one sack of unhusked rice.
Búg’at gid ang sako nga gindala ni Pedro.,The sack that Pedro carried is very heavy.
Ang ulan isa ka bugáy halin sa langit.,The rain is a blessing from heaven.
Nagbakal ako sang isa ka búgkus nga kahoy.,I bought one bundle of wood.
Ginbúgnu’ ku si Alfónso ka’ína.,I greeted Alfonso a little while ago.
Ginbúgras ku ang kolíntas.,I broke off the necklace.
Gamita ang búgsay para magdalagan ang baruto.,Use the oar to make the canoe move.
Ginbúgsuk nilá ang póste.,They thrust the post into the soil.
Ma-búgtaw ako sang temprano bwas.,I will waken early tomorrow.
Ginbúgtu’ ku ang lúbid.,I broke the string.
Sia ang búgtung nga anak sang mag-asawa.,He is the only child of the couple.
Gintanyag niya ang iya búg’us nga kabuhi.,He offered his entire life.
Buhahá’ sia kon mag-gasto sang iya kwarta.,He is extravagant when spending his money.
Ano ang imo búhat subong nga adlaw?,What are you doing today?
Ginhapay sang buháwi’ ang mga balay sa uma.,The tornado destroyed the houses on the farm.
Malipayon kami nga buhí’ pa ang amon pamilya.,We are happy that our family is still alive.
Ginbuhí’an ku ang píspis.,I set the bird free.
Nagbúhin akú sang apát ka mansánas sa lamésa.,I took out four apples from the table.
Kinahanglan naton magbayad sang aton buhís.,We need to pay our taxes.
May búhu’ ang iya medyas.,His socks have a hole.
Malaba kag maitum ang iya buhúk.,Her hair is long and black.
Madamo sing bulá’ ang sabon nga gingamit niya.,The soap she used has a lot of foam.
Namulak na ang mga búlak sa hardin.,The flowers in the garden are already blooming.
Ginbulákwit sang táwu ang maléta.,The man snatched the bag.
Nagbulád si Nena sang mangá báyu’.,Nena dried some clothes (under the sun).
Nagpalupad ang mga bata sang buladúr.,The children flew a kite.
Nagbúlag ang mag’asáwa.,The couple separated.
Nagabulig kami sa mga bulág nga nagatabok sa kalsada.,We help the blind crossing the street.
Buláhan gid ang tawo nga mapailubon.,The patient person is very fortunate.
Masanag ang búlan sa sining gabii.,The moon is bright tonight.
Nagabayad kami sang kuryente búlanbulan.,We pay for electricity monthly.
Nagbúlang si Pédro.,Pedro went to a cockfight.
Nag-búlaw sia gani na-late sia sa obra.,"He overslept, so he was late for work."
Ang iya singsing human sa buláwan.,Her ring is made of gold.
Ginbúlbug si José sang mangá hubúg.,Jose was beaten by drunk men.
Ang bolkán Kanlaon yara sa isla sang Negros.,Volcano Kanlaon is on the island of Negros.
Indi maayo ang maghambal sang mga bulgár nga tinaga.,It is not good to speak vulgar words.
Nahulog sia kag nagsakit ang iya bulí’.,He fell and his buttocks hurt.
Nagbulídbulíd akú sa bánglid.,I rolled down the hill.
Nagbakal si Tatay sang isa ka búlig nga saging.,Father bought one bunch of bananas.
May bulíng ang imo guya halin sa dapog.,There is soot on your face from the stove.
Nagbakal sila sang tela sa búltu para makabarato.,They bought fabric in bulk to get it cheaper.
Inom ka sang bulúng para mag-ayo ang imo ubo.,Take some medicine so your cough will get better.
Ginbúnak ku ang tu’álya.,I wet the towel.
I-bún’ag ang mga palay sa kalsada.,Dry the unhusked rice in the sun on the road.
Nakabaton sia sang bunál tungod sa iya kalisod.,He received a whip because of his naughtiness.
Bunáyag gid ang pag-atipan sang tagbalay sa amon.,The host's care for us was very gracious.
Búndul sia mag-obra gani wala sia natapos.,"He is slow at working, so he didn't finish."
Nag-preparar sia sang bunít para mangisda sa suba.,He prepared a fish hook to go fishing in the river.
I-búnlaw ang mga bayo sing maayo pagkatapos laba.,Rinse the clothes well after washing.
Ginbúntul akú sang idú’.,The dog attacked me ferociously.
Ginbunú’ si Roméo.,Romeo was stabbed.
Nag-untat kami sa paglakat tungod sa búnuk sang ulan.,We stopped walking because of the heavy downpour.
Gingamit ni Inday ang bunút sa paglampaso sang salog.,Inday used the coconut husk to scrub the floor.
Magatambong kami sa búnyag sang iya anak sa Dominggo.,We will attend the baptism of her child on Sunday.
Matam-is ang búnga sang mangga nga amon nakuha.,The fruit of the mango we got is sweet.
Wala sia sing may na-bungát sa iya kakulba.,He wasn't able to utter anything due to his nervousness.
Ginbúngkay nilá ang baláy.,They took the house apart.
Nagbúnggu’ ang duhá ka áwtu.,Two cars collided.
Tun-i ang kada búnghay sang inyo leksyon.,Study each part of your lesson.
Nagpahuway kami sa tiilan sang búngtud.,We rested at the foot of the slope.
Indi sia makabati kay sia ay bungúl.,He cannot hear because he is deaf.
Gin-pangan-an niya ang iya malaba nga búngut.,He trimmed his long beard.
Burará’ sia mag-gasto sang iya sweldo.,He is extravagant when spending his salary.
Nag-búrhut ang aso halin sa tambutso sang salakyan.,Smoke puffed out from the vehicle's exhaust.
Nagsakay kami sa bus pakadto sa Iloilo.,We rode a bus to Iloilo.
Nagbusá’ag ang pláto pagkahúlug.,The plate scattered into pieces when it fell.
Ma-bús’ak si Pedro sang kahoy para sa gatong.,Pedro will chop wood for fuel.
Butangi sang busál ang ido para indi makakagat.,Put a muzzle on the dog so it cannot bite.
Matahum ang busáy nga amon ginkadtuan sa bukid.,The waterfall we visited in the mountain is beautiful.
Kinahanglan sang babayi ang búsbus para makuha ang bata.,The woman needs a Caesarean operation to deliver the baby.
Nagbúskad ang búlak.,The flower opened into fullness.
Nagbúsdik ang lóbo.,The balloon burst.
Busisí’ sia katama sa pag-obra sang iya report.,He is very meticulous in working on his report.
Nabúslut ang súput.,The paper sack gave way.
Busúg na ako gani indi na ako magkaon.,"I am already full, so I won't eat anymore."
I-lubong ang búsul sang kapayas sa duta.,Bury the papaya seed in the soil.
Ibutang ang sulat sa sulod sang busún.,Put the letter inside the mailbox.
Ang iya asawa ay busúng sang duha ka bulan.,His wife is two months pregnant.
Nagbúswang ang íya uyapús.,Her boil burst.
Diin mo ginbutang ang mga butáng nga ginbakal ko?,Where did you put the things I bought?
Masakit ang akon bútkun tungod sa pagbuhat sang bug-at.,My arm hurts because of lifting heavy things.
Nagbúthu’ si Lourdes sa Maníla’.,Lourdes studied in Manila.
Ang butí isa ka delikado nga sakit sang una.,Smallpox was a dangerous disease before.
Nagbutí’ ang ma’ís.,The corn popped.
Indi maayo ang maghambal sang butíg.,It is not good to tell a lie.
Nagbútlak ang ádlaw.,The sun rose.
Nahulog ang butónes sang akon polo.,The button of my shirt fell off.
Butúd ang iya tiyan tungod sa kabusog.,His stomach is bloated because of fullness.
I-bútung mo ang pisi pakadto diri.,Pull the rope towards here.
Ginbútyag ku ang íya sekréto.,I told her secret.
Nasalapay ang akon bu’úl sa pirtahan.,My heel bumped against the door.
Ginbú’ung ku ang báso.,I broke the drinking glass.
Bú’ut gid ang amon bag-o nga maestra.,Our new teacher is very kind.
Sunura ang bu’út sang imo tagipusuon.,Follow the will of your heart.
Indi magbaton sang búya para sa imo pabor.,Do not accept a bribe for your favor.
Ginbuyáyag ku ang sekréto.,I desclosed the secret.
Buyánbuyań sia sa iya pagtuon gani naga-nubo ang iya grado.,"He is neglectful of his studies, so his grades are dropping."
Ginbuyáyaw ni María ang masábad nga mangá báta’.,Maria strongly scolded the noisy children.
Gusto ko mag-búylug sa inyo paglakat bwas.,I want to join you in your trip tomorrow.
Ginbúyuk ku ang sangá sang bayábas.,I bent the branch of the guava.
Ginkagat sia sang buyúg sa iya kamot.,A bumblebee bit him on his hand.
Nagbuyút akú sa kay Nánay.,I held onto Mother.
Ma-abot ang akon pamilya sa bwás nga aga.,My family will arrive tomorrow morning.
Malawig ang amon byáhe pakadto sa Manila.,Our journey to Manila was long.
Magakitaay kami sang akon mga abyan sa Byérnes.,I will meet my friends on Friday.
Matunog ang tunog sang byólin sa konsyerto.,The sound of the violin is loud in the concert.
Nagbwélta kamí sa estasyón.,We went back to the station.
Diin ka makadto subong?,Where are you going now?
May ára’ ánum ka síya sa kwárto.,There are four chairs in the room.
Kasulát na akú.,I have written already.
Makabibíhag ang íya kagwápa.,Her beauty is captivating.
Katahúm sa ímu!,How beautiful you are!
,
Nag’ísip síla hásta sa kapituhán.,They counted to seventy.
Ginsunúd nilá ang kasugtánan.,They followed the agreement.
Indi maayo ang maghimo sang ka’áway.,It is not good to make an enemy.
Ang kabalyéro nagaluwas sa mga tawo.,The knight rescues the people.
Puno ang kabán sang humay sa bodega.,The chest is full of rice in the warehouse.
Nagahampang ang mga kabatá’an sa gwa sang balay.,The children are playing outside the house.
Kabáy pa nga ma’áyu ang ímu byáhe.,I hope you have a pleasant trip.
Madasig magdalagan ang kabáyu’ sa karera.,The horse runs fast in the race.
Nagpungko ang amay sa kabeséra.,The father sat at the head of the table.
Ginkábig námun sya nga amáy.,We treated him like a father.
May kabít ang bana sang iya amiga.,Her friend's husband has a mistress.
Ang kábu ang nagadumala sa mga mamumugon.,The foreman manages the workers.
Gamita ang kabú’ sa pagbubo sang tubig.,Use the dipper to pour the water.
Madamo sing kabúg sa sulod sang kueba.,There are many bats inside the cave.
Matam-is ang nakuha namon nga kabúgaw.,The grapefruit we got is sweet.
Kabús ang iya kwarta para baklon ang libro.,His money is not enough to buy the book.
Nagkakás akú sang pínta sa díngding.,I removed the paint from the wall.
Kakí ang duag sang iya ginbakal nga pantalon.,The color of the pants he bought is brown.
Káda adlaw nagapangamuyo kami sang pamilya.,Every day we pray with the family.
Gusto sang mga bata mag-kádaw sa suba.,The children want to wade in the river.
Gin-gapos sang kádena ang pirtahan sang bodega.,The warehouse door was bound with a chain.
Nabatian namon ang mabaskog nga kádlaw sa pihak.,We heard the loud laughter from the other side.
Ma-kádtu kami sa simbahan karon sa hapon.,We will go to church this afternoon.
Mainum si Lolo sang mainit nga kafé.,Grandpa will drink hot coffee.
Gusto ko sang tinapay kág gatas.,I want bread and milk.
Nakita namon ang daku nga bulan kagáb’i.,We saw the big moon last night.
Ginkagát si Victór sang idú’.,Victor was bitten by a dog.
Manghinaw ka para mapatay ang mga kágaw.,Wash your hands to kill the germs.
Nag-abot sia diri kag’ína lang.,He arrived here just a while ago.
May kagúla’ sa plaza tungod sa parade.,There is excitement at the plaza due to the parade.
Madamo sing mga pispis sa sulod sang kagulángan.,There are many birds inside the forest.
Nagkagús akú sang bulíng sa kaláha’.,I scraped off soot from the bottom of the pan.
Ginbutang niya ang iya mga alahas sa káha.,She put her jewelry in the safe.
Wala sia nakaeskwela kahápun tungod sa hilanat.,He was not able to go to school yesterday due to fever.
Káhas gid ang iya ginhimo sa iya kaaway.,What he did to his enemy was very violent.
Nagbayad ako sang kwarta sa kahéro.,I paid the money to the cashier.
I-káhig ang mga kaging nga dahon sa hardin.,Rake the dry leaves in the garden.
Hatagi ako sang kahigayúnan nga mapaathag ang tanan.,Give me a chance to explain everything.
Namit kaunon ang kahíl kon ini hinog na.,The nectarine is delicious to eat when it is ripe.
Maayo ang amon kahimtángan diri sa probinsya.,Our situation here in the province is good.
Ano ang kahulugán sang sining tinaga?,What is the meaning of this word?
Ibutang ang mga bisti sa sulod sang kahún.,Put the clothes inside the box.
Mataas ang káhuy nga ara sa tunga sang uma.,The tree in the middle of the farm is tall.
Nakaon na kami sang amon panyapon ka’ína.,We already ate our dinner earlier.
Ang mga mangunguma nag-obra sang ka’íngin sa bukid.,The farmers did land clearing in the mountain.
Kalabánan sa mga tawo diri mga mangunguma.,"Mostly, the people here are farmers."
Ang kalabása maayo para sa mata.,Squash is good for the eyes.
Nakita namon ang kalabéra sang sapat sa dalan.,We saw the skeleton of an animal on the road.
Nagapati ang mga tawo sa mga kalág.,People believe in ghosts.
Gamita ang kaláha’ sa pagprito sang isda.,Use the frying pan for frying the fish.
Kalám gid ang akon lawas kon ako masiit.,My body is very sensitive to tickling.
Mag-obra ka sang juice halin sa kalamánsi’.,Make some juice from the calamansi.
Butangi sang kalámay ang akon kape.,Put some sugar in my coffee.
Ginkalámbre akú kagáb’i.,I had a chill last night.
Kinahanglan naton mag-preparar para sa mga kalamidád.,We need to prepare for calamities.
May ára’ gid pírme nga katalágman.,Danger is always there.
Nagaluto si Nanay sa kalán nga de-uling.,Mother is cooking on a charcoal stove.
Nagkálas ang mangá dáhun.,The leaves rustled.
Gingamit niya ang kalaykáy sa paglimpyo sang gwa.,He used the rake to clean the outside.
Gin-kálkal nila ang mga tul-an sa niche.,They dug out the bones from the niche.
Punuon mo sing tubig ang kaldéro.,Fill the kettle with water.
Tan-awa ang petsa sa kalendáryo.,Look at the date on the calendar.
Nagsakay kami sa kalésa palibot sa banwa.,We rode a carriage around the town.
Ginkáli ku ang kamúti.,I dug up some sweet potatoes.
Daku gid ang sining kalibútan nga aton ginapuy-an.,This world we live in is very large.
Maitum ang iya kalimutáw.,His eyeball is black.
Ginkalís sang tindéra ang bugás sa gantángan.,The salesgirl skimmed the rice in the container.
Nagkalít si Manuél nga mamásyar kay walá’ pa trabáho.,"Manuel took a stroll, meanwhile he had no work to do."
,
Kahulúya’ sang natabú’.,What happened was really a shame.
Ginkálut ku ang ákun úlu.,I scratched my head.
Mangayo kita sang kalú’uy sa Ginuo.,Let's ask for mercy from the Lord.
Malapad ang kálye nga naga-agi sa amon balay.,The street passing by our house is wide.
Mahumok ang káma sa sulod sang kwarto.,The bed inside the room is soft.
Ginbutang nila ang humay sa sulod sang kamálig.,They put the rice inside the barn.
Namit kaunon ang kamánsi kon luto na.,Breadfruit is delicious to eat when it is cooked.
Ang bata nag-umpisa na kámang sa salog.,The baby has started to crawl on the floor.
Napanimshuan namon ang humot sang kamángyan.,We smelled the fragrance of the incense.
Malimpyo ang amon kamaróte sa sulod sang barko.,Our cabin inside the ship is clean.
Malaba ang kamásun sang kuring.,The cat's claw is long.
Ang kamatáyan ay indi malikawan sang tanan.,Death cannot be avoided by anyone.
Nagbakal ako sang pula nga kamátis sa merkado.,I bought red tomatoes at the market.
Kámbang ang duag sang amon ido.,Our dog's color is spotted.
Ma-kámbyu kami sang amon mga bayo.,We will exchange our clothes.
Ma-abot kamí sa inyo balay sa bwas.,We (not including you) will arrive at your house tomorrow.
Nagsuksok sia sang bag-o nga kamisadéntro.,He wore a new men's shirt.
Puti ang kamiséta nga ginsuksok ni Pedro.,The undershirt Pedro wore is white.
Kinahanglan ni Nanay sang bag-o nga kamisún.,Mother needs a new slip.
Ginkamlut ku ang isda.,I touched the fish.
Matas ang kampanáryu sang simbahan.,The church belfry is tall.
Nag-umpisa na ang kampánya para sa eleksyon.,The campaign for the election has started.
Nagkámpi ang América sa South Vietnám.,
Nagpabilin ang mga militar sa sulod sang kámpo.,The military stayed inside the camp.
Sia ang nagdaog nga kampyón sa boksing.,He won as the champion in boxing.
Ma-abot na kamú diri sa amon?,Will you (all) arrive here to us soon?
Gin-pangan-an niya ang iya kamumú’u.,She trimmed her finger nails.
Kamústa na kamo sang inyo pamilya?,How are you and your family?
I-taas ang inyo mga kamút kon may pamangkot kamo.,Raise your hands if you have questions.
kamútingkáhuy n cassava.,
Kinahanglan limpyohan ang kanál para indi magbaha.,The canal needs to be cleaned so it won't flood.
Nagkánay na ang hángin.,The winds abated already.
May daku nga kandádu ang pirtahan sang bodega.,The warehouse door has a big padlock.
Naglakát sya sa kánday Cármen kag Jóse.,He walked towards Carmen and Jose.
,
Sin-o ang imo pilion nga kandidáto?,Who is the candidate you will choose?
Nagdagta kami sang kandíla’ sa sulod sang simbahan.,We lit a candle inside the church.
Ang kánding nagakaon sang hilamon sa uma.,The goat is eating grass on the farm.
Nagkándus akú sang adóbo sa kaldéro.,I scooped out some adobo from the pot.
Manami ang kánta nga gin-amba niya.,The song he sang was nice.
Ang kantéro ang naga-obra sang amon kudal.,The mason is building our fence.
Daku ang kantidád sang kwarta nga nadula sa iya.,The amount of money he lost was large.
Magkitaay kita sa kánto sang sining kalsada.,Let's meet at the street corner of this road.
Nakakita kami sang mga kanú’ sa mall.,We saw some Americans at the mall.
Pila ka plato sang kán’un ang imo makaon?,How many plates of cooked rice can you eat?
Nakita namon ang daan nga kányon sa fort.,We saw the old cannon at the fort.
Nagkapákapá silá pag’abút sang Presidénte.,They were excitedly confused when the President arrived.
Ang kapatás ang nagasugo sa mga obra.,The foreman is the one giving orders to the workers.
Matam-is ang hinog nga kapáyas.,The ripe papaya is sweet.
Nangápkap akú sa dulúm.,I gnoped my way in the dark.
Kápid ang iya mga anak nga lalaki.,Her sons are twins.
Nagpangamuyo kami sa sulod sang kapílya.,We prayed inside the chapel.
Kapín sa isa ka gatos ang mga bisita.,There were more than one hundred guests.
Kinahanglan naton sang daku nga kapitál para sa negosyo.,We need a large capital for the business.
Ang kapitán sang barangay nagpatawag sang miting.,The barangay captain called for a meeting.
Nagkaon kami sang panyaga sa kapitérya.,We ate lunch in the cafeteria.
Matahum ang building sang kapitólyo sa siudad.,The capitol building in the city is beautiful.
Ano nga kapituló na kita sa aton libro?,What chapter are we on in our book?
Madamo sia sing mga kaprítsu sa iya lawas.,He has many vices in his body.
I-kapún nila ang baka bwas.,They will castrate the cow tomorrow.
Ano ang kapuslánan sang sining gamit?,What is the usefulness of this item?
Nagkapút akú sang kutsílyo.,I clutched a knife.
Nagsuksok sia sang kapúti kay nagaulan.,He wore a raincoat because it was raining.
Nabatyagan ko ang kápuy pagkatapos sang obra.,I felt tiredness after work.
Nagkápyut akú sa sangá.,I held onto the branch.
Nagkarábkab ang kaláyu.,The fire burst into flame.
Ang kárbaw nagabulig sa pag-arado sang uma.,The water buffalo helps in plowing the farm.
Sin-o ang nagdaog sa karéra sang salakyan?,Who won the car race?
Bug-at ang kárga sang truck.,The cargo of the truck is heavy.
Nagkarí ikáw kahápun.,You came here yesterday.
Naghatag sila sang karidád sa mga pobre.,They gave charity to the poor.
Nagsakay kami sa karitéla pakadto sa merkado.,We rode the horse and buggy to the market.
Gingamit niya ang karitún sa pagbaligya sang isda.,He used the cart to sell fish.
Nagbakal si Nanay sang kárne sang baboy.,Mother bought some pork meat.
Madamo sing mga karnéro sa uma sang New Zealand.,There are many sheep on the farms of New Zealand.
Maayo ang karpentéro nga nag-obra sang amon balay.,The carpenter who built our house is good.
Malapad na ang karsáda pakadto sa bukid.,The road going to the mountain is already wide.
Ang kartéro naghatag sang sulat sa amon.,The mailman gave the letter to us.
I-sulod ang mga gamit sa kárton.,Put the things in the carton.
Ma-abot ako sa inyo balay karún sa hapon.,I will arrive at your house later this afternoon.
Ginkarús akú sang kuríng.,The cat scratched me.
Karúskarús ang iya agi gani indi ko mabasa.,His handwriting is non-legible because it was written hurriedly.
Nabatyagan niya ang daku nga kasákit sa iya dughan.,He felt great suffering in his chest.
Malipayon ang selebrasyon sang kasál.,The wedding celebration was happy.
Didto kami sa plaza kasán’u lang.,We were at the plaza just a while ago.
Kanami sang mga kasangkápan sa sulod sang inyo balay.,The furniture inside your house is nice.
May bag-o kami nga kaséra sa amon balay.,We have a new boarder at our house.
I-sulod ang sabaw sa kaseróla.,Put the soup in the cooking pot.
Maayo ang amon pakig-upod sa amon mga kasilíngan.,Our relationship with our neighbors is good.
Malimpyo ang kasílyas sa sining mall.,The toilet in this mall is clean.
Nakita ko ang akon kasimánwa sa Manila.,I saw my townmate in Manila.
May káso sia sa korte parte sa duta.,He has a legal case in court regarding the land.
Kasualidád gid nga matabo ina sa subong.,That is truly impossible to happen right now.
Malaba ang kasúdlan sang sapat nga amon gin-ihaw.,The intestines of the animal we slaughtered are long.
Nagpirma kami sang kasugtánan sa amon obra.,We signed an agreement for our work.
Sunura ang mga kasugu’án sang aton gobyerno.,Follow the orders of our government.
Indi kamo mag-katá’katá’ parte sa inyo isig-katawo.,Do not gossip about your fellow human beings.
Mag-andam kamo sa mga katalágman sa dalan.,Be careful of the dangers on the road.
Katalanghága’ ang iya pag-ayo sa balatian.,His recovery from the illness was unbelievable.
Isa ako ka katápu’ sang sining grupo.,I am a member of this group.
May katáru sia gani wala sia nakaeskwela.,"He has a cold, so he wasn't able to go to school."
Nagapati ka bala sa mga katáw?,Do you believe in mermaids?
Katolikó ang amon relihiyon sa pamilya.,Our family's religion is Catholic.
Katórse ka tuig na ang akon anak.,My child is already fourteen years old.
Mahumok ang kátre nga amon ginatulu-gan.,The bed we are sleeping on is soft.
Ang mga katsíla’ nagpabilin sa Pilipinas sang madugay.,The Spaniards stayed in the Philippines for a long time.
Katúl gid ang akon panit tungod sa kagat sang lamok.,My skin is very itchy due to mosquito bites.
Mahanghang ang katúmbal nga ginbutang sa sud-an.,The pepper put in the dish is spicy.
Ang adlaw nagatunod sa dapit nga katúndan.,The sun sets in the west.
Obligasyon naton nga himoon ang aton katungdánan.,It is our obligation to do our duty.
Kinahanglan naton amligan ang aton ka’ugalíngun.,We need to protect our own selves.
Ginpaká’un ku ang mangá báta’.,I fed the children.
Ang kalip’után sang báyu’ni Dína ginbádlung sang ilúy níya.,The shortness of Dina’s dress was commented on by her mother.
Nadakpan sang mga pulis ang káwat.,The police caught the thief.
Nagkáway ang bandéra.,The flag waved on.
Ang amon balay human sa kawáyan.,Our house is made of bamboo.
I-sulod ang isda sa káw’it.,Put the fish on the hook.
Indí’ akú makakádtu kay masakít akú.,I cannot go because I’m sick.
Naglakát ang báta’ sa kay Pédro.,The child went to Pedro.
Ginkayába ku ang trabáho.,I worked hurriedly.
Mas matas si Pedro káy sa kay Jose.,Pedro is taller than Jose.
Kay sín’u ini nga bag nga nabilin sa silya?,Whose bag is this left on the chair?
Kayumánggi’ ang complexion sang mga Pinoy.,The complexion of Filipinos is tan.
Mabudlay ang leksyon sa kemiká.,The lesson in chemistry is difficult.
Ang kemikó ang naga-usisa sang mga bulong.,The chemist is the one examining the medicines.
May kerída ang bana sang iya amiga.,Her friend's husband has a mistress.
Nagbakal ako sang tinapay nga may késo.,I bought bread with cheese.
Nagkibú’ ang dúghan ku.,My heart throbbed.
Masakit ang akon kíbul kon nagalakat ako.,My corn hurts when I walk.
Ginkibún akú sang mangá píspis.,The birds surrounded me.
Ginkibút ni Mário si Rósa.,Mario startled Rosa.
Ginkídkid ku ang késo.,I sliced the cheese.
Nakigbátuk si Mário kay Davíd.,Mario debated with David.
Nabatyagan ko ang kigás sang duta tungod sa init.,I felt the dryness of the soil due to the heat.
Ginkíhad ku ang kamátis.,I sliced the tomato.
Nagkílag kamí sa dálan.,We looked about curiously on the way.
Madamo ako sing kilála sa sining banwa.,I have many acquaintances in this town.
Nakulbaan ang bata sa baskog nga kilát.,The child was scared of the strong lightning.
Matahum ang iya kílay.,Her eyebrows are beautiful.
Magpungko ka sa akon kílid.,Sit beside me.
Pila ka kílo nga bugas ang imo baklon?,How many kilograms of rice will you buy?
Pila ka kilométro ang distansya pakadto sa siudad?,How many kilometers is the distance to the city?
Gingamit niya ang kímpit para sa iya buhok.,She used the hair clip for her hair.
Importante ang kina’ádman sa aton kabuhi.,Knowledge is important in our lives.
Nadúla ang mangá kina’adman nilá.,Their properties were lost.
Malipayon ang amon kinabúhi’ sa probinsya.,Our life in the province is happy.
Ginkinahánglan ku ang búlig nilá.,I demanded for their help.
Malipayon ang amon kinabúhi’ sa probinsya.,Our life in the province is happy.
Kínse na ang grado sang bata sa math.,The child's grade in math is fifteen.
Butangi sang kíntsay ang sopas.,Put some celery in the soup.
Kínut sia sa pag-gasto sang iya kwarta.,He is thrifty in spending his money.
Gingamit nila ang kíngki sang nadula ang kuryente.,They used the oil lamp when the electricity was gone.
I-kíput ang pirtahan sang kwarto.,Shut the door of the room.
May kiráb nga nakita sa tunga sang langit.,There was a flash seen in the middle of the sky.
Madasig ang kisáp sang iya mata.,The blinking of his eyes is fast.
Ginkískis nilá ang balahíbo sang bábuy nga litsunún.,They scraped off the fur of the pig to be roasted.
Ma-abot kitá sa aton destinasyon sa dili madugay.,We (including you) will arrive at our destination soon.
Ginpangíta’ ku ang arítus nga nadúla’.,I looked for my lost earrings.
Kitíd gid ang kalsada pakadto sa uma.,The road to the farm is very narrow.
Ginki’úm ku ang ákun bibíg.,I pursed my lips.
Ma-umpisa na ang amon kláse sa alas otso.,Our class will start at eight o'clock.
,
Nagkadto kami sa kliniká para magpacheck-up.,We went to the clinic for a check-up.
Nagkóbra akú sang swéldo.,I collected my salary.
Bag-o ang kobrekáma nga gin-gamit ni Nanay.,The bedspread Mother used is new.
Dal-a ang imo kodák para makakuha kita sang litrato.,Bring your camera so we can take photos.
Naghatag kami sang amon kolékta sa simbahan.,We gave our collection at the church.
Nagaeskwela na sia sa koléhiyo sa siudad.,He is already studying in a college in the city.
Madamo ang nagkasakit sang kolerá sang una.,Many people got sick with cholera before.
Bulawan ang kolíntas nga ginregalo sa iya.,The necklace given to her as a gift is gold.
Ano ang paborito mo nga kolór?,What is your favorite color?
Ang komersyánte nagabaligya sang tela sa banwa.,The businessman is selling fabric in the town.
Nagpanyaga kami sa sulod sang komidór.,We ate lunch inside the dining room.
Nagkom-pányar akú kay Rosíta.,I accompanied Rosita’s (song) on the piano.
Maayo ang iya kondisyón sa paghampang sang basketball.,He is in good condition for playing basketball.
Mahumok ang balahibo sang koného.,The rabbit's fur is soft.
Nagkadto kami sa konsehál para magpangayo sang bulig.,We went to the councilman to ask for help.
Ang konsého nagpasar sang bag-o nga laye.,The municipal council passed a new law.
Matambong kami sa konsyérto sa cultural center.,We will attend the orchestra concert at the cultural center.
Sin-o ang imo kóntra sa hampang sang chess?,Who is your opponent in the chess game?
Nagpirma kami sang kontráto sa amon bag-o nga obra.,We signed a contract for our new work.
Ang kalsada human sa kongkréta.,The road is made of concrete.
Ang kongresísta nagbisita sa amon barangay.,The congressman visited our barangay.
Ang kongréso ang naga-obra sang mga pungsudnon nga laye.,The congress creates the national laws.
Kinahanglan ko sang isa ka kópya sang imo birth certificate.,I need one copy of your birth certificate.
,
Nagkadto ako sa koréo para magpadala sang sulat.,I went to the post office to send a letter.
Manami ang tingog sang kóro sa simbahan.,The sound of the church choir is beautiful.
Matahum ang koróna sang reyna.,The queen's crown is beautiful.
Nagsuksok sia sang korpínyo sa idalom sang iya bayo.,She wore a corset under her dress.
Ano ang kórte sang sining lamesa?,What is the shape of this table?
Importante ang pagpakita sang kortesíya sa mga malatun.,Showing courtesy to the elderly is important.
Masanag ang kortína nga ginsab-it sa bintana.,The curtain hung on the window is bright.
Nadula ang koryénte tungod sang bagyo.,The electricity was gone due to the typhoon.
Nagkostúra si María sa báyu’ ni Nánay.,Maria sewed Mother’s dress.
Nagbakal si Tatay sang bag-o nga kótse.,Father bought a new car.
,
Nadakpan na ang kriminál nga nagpangawat.,The criminal who stole has been caught.
Human sa kristál ang iya paborito nga baso.,Her favorite glass is made of crystal.
Nagatuo kami kay Jesu-Krísto.,We believe in Jesus Christ.
Madamo sing mga kristyáno sa Pilipinas.,There are many Christians in the Philippines.
(short form of nákun).,
Nagkubákubá ang dúghan ku.,My heart throbbed.
Nagkúbay ang mangá tawu.,The people lined up.
Nagabulig kami sa mga tawo nga kubús.,We help the poor people.
Limpyo gid ang iya mga kukú.,Her finger nails are very clean.
Nagkú’ku’ si Lucille.,Lucille stooped down.
Malataas ang kudál sang amon balay.,The fence of our house is high.
Ginkúdkud ku ang lubí sa kudkurán.,I grated the coconut with the grater.
Gingamit ni Lola ang kudkurán para sa lubi.,Grandma used the grater for the coconut.
Nag-obra sia sang kúdlit sa dingding.,He made a mark on the wall.
Ginkugá’ ku ang idú’.,I choked the dog.
Puno sang kúgmat ang iya mga mata.,His eyes were full of terror.
Ginkúgus ku ang báta’.,I carried the child.
Ma-kúha’ ako sang tubig sa gripo.,I will get water from the faucet.
Ginkúhit ku si María.,I nudged Maria.
Gamit sang kulá para magtapik ang papel.,Use glue so the paper sticks.
Kulákig ang iya lawas tungod sa gutom.,His body is emaciated due to hunger.
Limpyohi ang kulámug sa imo ilong.,Clean the dried mucus in your nose.
Kúlang ang bayad nga ginhatag mo sa akon.,The payment you gave me is incomplete.
Nabatyagan ko ang kúlba’ antes ang amon exam.,I felt nervousness before our exam.
Kúli’ sia mag-hulag tungod sa iya katuyuhon.,He is slow to move because of his sleepiness.
Sia ang nag-abot nga kulíhut sa karera.,He was the last to arrive in the race.
Nagluto si Nanay sang kan-on sa kúlun.,Mother cooked rice in a clay pot.
Ang mangkok ay naka-kulúb sa lamesa.,The bowl is inverted on the table.
Mas namit ang luto sa kúlun.,Cooking in a clay pot is more delicious.
Ginkulúng ku ang píspis.,I caged the bird.
Kulyápis gid ang sapat tungod wala ini sang pagkaon.,The animal is very emaciated because it has no food.
Nasalapay ang akon kumalágku’ sa pirtahan.,My thumb got caught in the door.
Sia ang akon kumbúya sa amon negosyo.,He is my partner in our business.
Maayo ang dalagan sang amon kumbuyahán.,The run of our partnership is good.
Maayo ang pagtratar sang kumpaníya sa ila mga obra.,The company treats its workers well.
Ma-bisita ang akon kumpáre sa amon balay.,My comrade (godfather of my child) will visit our house.
Nagkadto kami sa simbahan para mag-kumpisár.,We went to the church for confession.
Nagkúmud si Maria sa kwárto kay walá’ sya pagbákli sang sapátus.,Maria sulked in the room because no one bought her a new pair of shoes.
"Kun indí’ akú gina-kápuy, makádtu táni’ akú.",I would go if I were not feeling so tired.
Kún kís’a lang kami nagakitaay sang akon pamilya.,We see my family only occasionally.
Kúndi’ malakat na lang kita kay wala man sia diri.,We might as well go because he is not here anyway.
Gústo ku kuntáni’ ma’upúd.,I would like to go along (if possible).
Makádtu sya kunú sa Pampánga.,He said he will go to Pampanga.
Nag-kunúl ang suba tungod sa sobra nga init.,The river dried up because of the extreme heat.
Nagsuksok sia sang malaba nga kunúp sang una.,He wore a long cloak in the old days.
Kunút na ang panit ni Lolo tungod sa iya edad.,Grandpa's skin is already wrinkled due to his age.
Nakabatyag ako sang kúnyag tungod sa katugnaw.,I felt a cold chill because of the coldness.
Hatagi sang madata nga kúpkup ang imo iloy.,Give your mother a tight embrace.
Nagkupú ang súksuk sa díngding.,The lizard clinged to the wall.
Ang kúra sang amon parokya nagmisa kaina.,The pastor of our parish celebrated mass earlier.
Mag-andam ka sa pagmaneho sa kúrba sang dalan.,Be careful driving at the curve of the road.
May nagabungguay nga salakyan sa kurbáda.,There is a vehicle collision at the street corner.
Nagsuksok sia sang itum nga kurbáta sa iya polo.,He wore a black necktie with his shirt.
Kúri’ sia maglakat tungod sang iya edad.,He is slow to walk because of his age.
Nagpakuribúng akú sa kwárto.,I isolated myself in the room.
Kurinút ang iya bayo kay wala ini naplantsa.,Her dress is creased because it wasn't ironed.
May pito ako ka mga kuríng sa amon balay.,I have seven cats in our house.
Nakita ko ang kurisúng sa iya guya.,I saw the frown on his face.
erasesa ang kúrit nga ara sa papel.,Erase the pencil mark that is on the paper.
Nagkúrug akú sa katúgnaw.,I shivered from the cold.
Nagkusámkusám akú sa kusína.,I tasted the food in the kitchen.
Nagkúskus akú sang lubí.,I scraped the coconut from the nut.
Nag-ayo sia sang kúsi’ nga tinapay.,He asked for a small piece of bread.
Malapad ang kusína sa amon bag-o nga balay.,The kitchen in our new house is wide.
Maayo gid ang amon kusinéro sa pagluto.,Our cook is very good at cooking.
Nagkusípad kamí sang ma’ís.,We picked corn grains.
Kusúg gid sia mag-obra sa uma.,He is very strong at working on the farm.
Ang kúta’ sang mga kastila ara pa sa siudad.,The Spanish fort is still in the city.
I-kutáwkutáw ang gatas sa mainit nga tubig.,Mix the milk in the hot water.
May daku nga kútkut sa tunga sang dalan.,There is a big hole in the ground in the middle of the road.
Maluoy ako sa gamay nga kutíng.,I feel pity for the small kitten.
Nagkutíngkúting ánay sya sa gitára bágo magkánta.,"He strummed the guitar first, before he started his song."
Matahum ang kútis sang dalaga.,The young lady has a beautiful skin complexion.
Pila ka kutsára sang asukar ang imo gusto?,How many tablespoons of sugar do you want?
Gamita ang kutsaríta sa pagkutaw sang kape.,Use the teaspoon to stir the coffee.
Ang kutséro ang nagagiya sang kalesa.,The coachman is the one guiding the carriage.
Matarom ang kutsílyo nga gingamit ko.,The knife I used is sharp.
Indi ka magpati sa mga kútsukútsu.,Do not believe the rumors.
Mahumok ang amon bag-o nga kutsún.,Our new mattress is soft.
Maghulat ka diri kútub mag-abot ako.,Wait here until I arrive.
Nagkutúl akú sang mangá rosál sa hárdin.,I picked some gardenias from the garden.
Ginkútut sang búyug ang báta’.,The bee stung the child.
Nagkú’ub akú sa lamésa.,I hid my head under the table.
Gin-kú’ut niya ang iya kwarta sa sulod sang bag.,He fished out his money from inside the bag.
Nagkuyámpad silá sa plása.,They ran to the plaza.
,
Sulat ka sang imo ngalan sa kwadérno.,Write your name in the notebook.
Ginpasulod nila ang kabayo sa sulod sang kwádra.,They put the horse inside the stable.
Matahum ang litrato sa sulod sang kwádro.,The photo inside the frame is beautiful.
Nagagamit sang kwáku si Lolo sa pagpanigarilyo.,Grandpa uses a pipe for smoking.
Diin na gani ang kwán nga ginbakal ko?,Where is that whatchamacallit I bought?
Kwarénta na ka tuig ang akon tiyo.,My uncle is already forty years old.
Pila ang imo kwárta sa imo pitaka?,How much money do you have in your wallet?
Nagahampang ang mga bata sang kwártakwárta.,The children are playing with play money.
Limpyo gid ang amon kwárto sa sulod sang balay.,Our room inside the house is very clean.
Kwátro na ang oras sa aton relo.,The time on our watch is already four o'clock.
Madulom sa sulod sang kwéba.,It is dark inside the cave.
Puti gid ang kwélyo sang iya polo.,The collar of his shirt is very white.
I-check ang imo kwénta sa banko.,Check your account balance at the bank.
Nabugto ang kwérdas sang akon gitara.,The string of my guitar snapped.
Masanag ang mga kwítis sa langit sang New Year.,The fireworks are bright in the sky during New Year.
Dá’an na ang sining sapatos nga akon ginsuksok.,These shoes I'm wearing are already old.
Nakita namon ang daku nga dabádabá sang kalayo.,We saw the big blaze of the fire.
Nag-dábdab ang kalayo sa tunga sang kakahuyan.,The fire flared in the middle of the woods.
Nagdábuk akú sang hilamún.,I ignited the grass.
May gamay nga dabúdabú sang ulan kaina sang aga.,There was a slight drizzle of rain this morning.
Malapad ang dalan sa sulod sang dakbánwa.,The road inside the city is wide.
Dakú’ ang balay sang amon silingan.,Our neighbor's house is big.
Nagdakúp silá sang ísda’.,They caught a fish.
Madamo sing dagámi pagkatapos sang ani.,There is a lot of hay after the harvest.
Malapad kag asul ang dágat.,The sea is wide and blue.
Nabatyagan niya ang dagát samtang ara sa barko.,He felt seasickness while on the ship.
Dagáya’ ang bunga sang mga kahoy sa amon uma.,The fruits of the trees on our farm are plentiful.
May dágdag ini?,Do you give extra for this?
Gintagaan niya ako sang dagpi’ sa abaga.,He gave me a tap on the shoulder.
Gindágsa’ ang káhuy sa báybay.,The tree was washed ashore on the beach.
May dágta’ ang akon bayo halin sa saging.,My clothes have a stain from the banana.
Gamit sang dagum para matu-id ang guba nga bayo.,Use a needle to fix the broken dress.
Nagdagúsu’ ang mangá táwu sa aksidénte.,The people crowded around the scene of the accident.
Nakulbaan ang bata sa baskog nga dagu’ub.,The child was scared of the loud thunder.
Matahum ang dágway sang dalaga.,The young lady's facial expression is beautiful.
Gin-dahú’ ko ang sulat halin sa akon abyan.,I received the letter from my friend.
Mataas ang amon dáhúm sa sining proyekto.,Our anticipation for this project is high.
Berde ang mga dáhun sang kahoy.,The leaves of the tree are green.
Manami pamatian ang mga da’ígun sa bulan sang Disyembre.,Christmas carols are nice to hear in the month of December.
Ma-dalá ako sang pagkaon para sa aton panyaga.,I will bring food for our lunch.
Dalág ang duag sang iya ginbakal nga bayo.,The color of the dress she bought is yellow.
Maayo nga dalága ang amon silingan.,Our neighbor is a good unmarried girl.
Madasig sia mag-dalágan sa dalan.,He runs fast on the road.