Hiligaynon	English
Maayong aga.	Good morning.
Maayong hapon.	Good afternoon.
Maayong gab-i.	Good evening.
Kamusta ka?	How are you?
Maayo man, salamat.	I’m fine, thank you.
Ano ang ngalan mo?	What is your name?
Ang ngalan ko si...	My name is...
Diin ka naga-puyo?	Where do you live?
Tagadiin ka?	Where are you from?
Pila ang edad mo?	How old are you?
Nalipay gid ako nga makilala ka.	I am very happy to meet you.
Diin ka makadto?	Where are you going?
Malakat na ako.	I am going now.
Balik ka liwat.	Come back again.
Halong ka gid.	Take care always.
Salamat gid.	Thank you very much.
Walay sapayan.	You're welcome.
Palihog ko...	Please... (requesting a favor)
Indi ko maintiendihan.	I don't understand.
Ano ang siling mo?	What did you say?
Pila ini?	How much is this?
Mahal gid ini.	This is very expensive.
Barato lang ini.	This is just cheap.
Wala na sing tawad?	Is there no more discount?
Gutom na ako.	I am hungry already.
Gusto ko magkaon.	I want to eat.
Uhaw na ako.	I am thirsty already.
Gusto ko mag-inom sang tubig.	I want to drink water.
Diin ang banyo diri?	Where is the bathroom here?
Tagpila ang plete?	How much is the fare?
Para diri lang.	Just here, please. (stopping a vehicle)
Kaupod ko ang pamilya ko.	I am with my family.
Mapuli na ako.	I am going home now.
Turog na ang bata.	The child is sleeping.
Bugtaw na sia.	He/She is awake already.
Maulan yata karon.	It might rain later.
Mainit gid ang panyempo.	The weather is very hot.
Tugnaw ang tubig.	The water is cold.
Diin ang simbahan?	Where is the church?
Bukas na ang tindahan.	The store is open already.
Piyong ang imo mata.	Close your eyes.
Kadlaw ka man.	You laugh too.
Ngaa nagahibi ka?	Why are you crying?
Indi ka magkabalaka.	Do not worry.
Buligi ako palihog.	Please help me.
May ara ka sang...?	Do you have any...?
Wala ako sing kwarta.	I don't have money.
Ano ang oras na?	What time is it?
Kaupod mo bala sia?	Is he/she with you?
Tuod gid bala?	Is it really true?
Maayong aga sa inyo tanan.	Good morning to you all.
Maayong hapon sa imo.	Good afternoon to you.
Maayong gab-i sa aton.	Good evening to us.
Kamusta ang lawas mo?	How is your health?
Maayo man, salamat sa pagpamangkot.	I'm fine, thanks for asking.
Ano ang ginahimo mo diri?	What are you doing here?
Diin ka makadto subong?	Where are you going now?
Malakat na kami.	We are leaving now.
Balik kamo liwat sa amon.	Come back to us again.
Halong kamo sa dalan.	Take care on the road.
Salamat gid sang madamo.	Thank you very much.
Wala ina sing problema.	That is no problem.
Palihog kuha sang tubig.	Please get some water.
Indi ko kaintiende sang Hiligaynon.	I don't understand Hiligaynon.
Mahinay lang ang paghambal.	Just speak slowly.
Ano ang buot silingon sini?	What does this mean?
Pila ang bili sini?	How much is the price of this?
Mahal gid ang baligya niyo.	Your goods are very expensive.
Hatagi ako sing tawad.	Give me a discount.
Barato na ina nga bili.	That price is already cheap.
Gutom na gid ako.	I am really hungry now.
Gusto ko magkaon sang kan-on.	I want to eat rice.
Uhaw na gid ako.	I am really thirsty now.
Hatagi ako sing mainom.	Give me something to drink.
Diin dampi ang banyo?	Which way is the bathroom?
Tagpila ang plete pakadto sa banwa?	How much is the fare to town?
Para sa kanto lang.	Just at the corner, please.
Kaupod ko ang akon mga ginikanan.	I am with my parents.
Mapuli na ako sa balay.	I am going home to the house now.
Tulog pa ang mga kabata-an.	The children are still sleeping.
Bugtaw na ang tanan.	Everyone is awake already.
Daw maulan gid karon.	It looks like it will rain later.
Mainit gid ang adlaw.	The sun is very hot.
Matugnaw ang panyempo diri.	The weather is cold here.
Diin ang pinakamalapit nga simbahan?	Where is the nearest church?
Sirado na ang tindahan.	The store is closed already.
Piyong ang imo mga mata.	Close your eyes.
Ngaa nagakadlaw ka sa akon?	Why are you laughing at me?
Indi ka maghibi.	Do not cry.
Indi ka magkabalaka sa akon.	Do not worry about me.
Buligi ako palihog sang akon karga.	Please help me with my load.
May ara kamo sang bugas?	Do you have any rice?
Wala na kami sing kwarta.	We don't have any more money.
Ano na ang oras subong?	What time is it now?
Kaupod mo bala ang imo bana?	Is your husband with you?
Matuod gid bala ina?	Is that really true?
Diin mo ini ginbakal?	Where did you buy this?
Malayo pa bala ang lalakton naton?	Do we still have a long way to walk?
Malapit na lang kita mag-abot.	We are almost there.
Pahuway anay kita diri.	Let's rest here for a while.
Diin dampi ang ospital?	Where is the hospital located?
Masakit ang akon ulo.	My head hurts.
Kinahanglan ko sing bulong.	I need medicine.
Inom ka sang tubig.	Drink some water.
Tulog ka na sing maayo.	Sleep well now.
Diin mo ginbutang ang akon bayu?	Where did you put my clothes?
Ara sa sulod sang kaban.	It is inside the chest.
Hugasi palihog ang mga plato.	Please wash the plates.
Trapo ang lamesa.	Wipe the table.
Ubosa ang imo pagkaon.	Finish your food.
Namit gid ang imo luto.	Your cooking is very delicious.
Busog na gid ako.	I am very full already.
Gusto mo pa sing dugang?	Do you want more?
Indi na, salamat gid.	No more, thank you.
Diin dampi ang paradaan sang bus?	Where is the bus stop located?
Malakat ang bus sa alas-otso.	The bus leaves at eight o'clock.
Pila ka oras ang byahe?	How many hours is the trip?
Dal-a ang imo payong.	Bring your umbrella.
Basi mabasa ka sang ulan.	You might get wet from the rain.
Ano ang ginapangita mo?	What are you looking for?
Nadula ang akon pitaka.	My wallet is lost.
Nakita mo bala ang akon linsub?	Did you see my keys?
Ari na ang imo ginkwa.	Here is what you took.
Hatagi ako sing gamay.	Give me a little bit.
Sobra na ina.	That is too much already.
Kurang pa ini.	This is still lacking.
Kabalo ka bala maglangoy?	Do you know how to swim?
Kadto kita sa baybay.	Let's go to the beach.
Matahum gid ang palibot.	The surroundings are very beautiful.
Mahigko ang dalan.	The road is dirty.
Limpyo ang amon balay.	Our house is clean.
Sin-o ang kaupod mo sa kwarto?	Who is with you in the room?
Ako lang isa diri.	I am just alone here.
Nahadlok ako sa kasanag.	I am afraid of the light.
Indi ka magkahadlok.	Do not be afraid.
Mag-upod ka sa amon.	Come along with us.
Hu-o, upod ako sa inyo.	Yes, I am going with you.
Indi ako gusto magkadto.	I don't want to go.
Ngaa indi ka gusto?	Why don't you want to?
Kapoy na ang akon lawas.	My body is tired already.
Gusto ko magpahuway.	I want to rest.
Buksi ang bintana.	Open the window.
Siraduha ang pultahan.	Close the door.
Patya ang suga.	Turn off the light.
Sindaha ang kandila.	Light the candle.
Init gid ang panahon subong.	The weather is very hot right now.
Maulanon ang tyempo subong nga bulan.	It is rainy this month.
Pila kamo tanan sa pamilya?	How many are you in the family?
Lima kami ka mag-ulutod.	We are five siblings.
Ako ang kamagulangan.	I am the eldest.
Sia ang amon kamanghuran.	He/She is our youngest.
Buot gid ang akon lola.	My grandmother is very kind.
Isog ang akon lolo.	My grandfather is strict/brave.
Palangga ko ang akon pamilya.	I love my family.
Mag-ayuhay kamo pirme.	Always get along with each other.
Indi kamo mag-away.	Do not fight.
Magbinuligay kita tanan.	Let us all help each other.
Amo gid ina ang dapat.	That is exactly how it should be.
Maayo ang patubas subong nga tuig.	The harvest is good this year.
Nagtanum kami sang humay sa kakahuyan.	We planted rice in the woodlands.
Kinahanglan na naton mag-guna sa talatapan.	We need to weed the garden now.
Malapad gid ang talamnan sang tubo.	The sugarcane field is very wide.
Diin mo ginbutang ang binagun?	Where did you put the bolo?
Gamita ang binaliw sa pag-utod sang sanga.	Use the curved knife to cut the branch.
Mabug-at ang sako sang bugas.	The sack of rice is heavy.
Ginasunog nila ang dagami sa latagon.	They are burning the rice straw in the field.
Buligi ako mag-alsa sang sini nga kahon.	Help me lift this box.
Mapait ang luto nga amargoso.	The cooked bitter gourd is bitter.
Matam-is ang paho nga luto na.	The ripe mango is sweet.
Maaslam ang lansones nga wala pa naglu-oy.	The lansones that isn't soft yet is sour.
Naguba ang dararo sang baka.	The cow's plow is broken.
Malakat na ang karga nga asukar.	The sugar cargo is about to leave.
Pila ka gatos ka sako ang ara sa bodega?	How many hundred sacks are in the warehouse?
Bugnaw ang tubig sa bubon.	The water in the well is cold.
Nagasaka sia sa lubi para magkwa sang tibuok.	He is climbing the coconut tree to get a whole nut.
Maputi ang kolor sang panyos mo.	Your handkerchief's color is white.
Maitum ang panganod sa langit.	The clouds in the sky are black/dark.
Madulom ang dalan kon gab-i.	The road is dark at night.
Masanag ang bulan subong nga gab-i.	The moon is bright tonight.
Malayo ang dagat halin diri.	The sea is far from here.
Mabaskog ang balod sa baybay.	The waves at the beach are strong.
Nagapangisda ang akon amay sa tunga sang lawod.	My father is fishing in the middle of the deep sea.
Nakakuha sila sang madamo nga isda.	They caught many fish.
Preska pa ang isda sa tindahan.	The fish in the market is still fresh.
Ginasala nila ang balas sa sapa.	They are sifting the sand in the creek.
Nagatupa ang ulan sa bubungan.	The rain is hitting the roof.
Malandog ang dalan kon naga-ulan.	The road is slippery when it rains.
Madamo sang lamok sa gwa sang balay.	There are many mosquitoes outside the house.
Masakit ang akon agtang.	My forehead hurts.
Malabo ang akon panulokan.	My eyesight is blurred.
Nagapalamanog ang akon batiis.	My calves are swelling.
Mapula ang imo mga mata.	Your eyes are red.
Gakulo ang akon tiyan.	My stomach is growling.
Sakit sang akon panyos.	My wrist hurts.
Mabaskog ang kasing-kasing niya.	His/Her heart is strong.
Nagahapo ang tigulang.	The elderly person is gasping for breath.
May hilanat ang bata subong.	The child has a fever now.
Sip-unon ako tungod sa ulan.	I have a cold because of the rain.
Ginatubol sia sang tulo ka adlaw.	He/She has been constipated for three days.
Lumsan ang iya pilas.	His/Her wound is infected.
Hugasi sang maayo ang imo kamut.	Wash your hands well.
Tuli na bala ang imo bata?	Is your child circumcised already?
Maalam ang doktor sa ospital.	The doctor at the hospital is wise/skilled.
Inom ka sang bulong sa ubo.	Drink some cough medicine.
Haplasi sang lana ang akon likod.	Rub some oil on my back.
Nabali ang iya wala nga takway.	His/Her left arm was broken.
Kalatolon ang akon panit.	My skin is itchy.
Nagapalanunot ang akon mga tudlo.	My fingers are feeling numb.
Maayo na ang akon pamatyan.	I feel better now.
Diin dampi ang masakit sa imo?	Which part of you hurts?
Buksi ang imo ba-ba.	Open your mouth.
Gwa ang imo dila.	Put out your tongue.
Gisi ang iya dunggan.	His/Her ear is torn.
Mataas ang iya dugo subong.	His/Her blood pressure is high right now.
Kinahanglan mo magpahuway sing maayo.	You need to rest well.
Indi ka mag-isog sang imo lawas.	Do not overexert your body.
Maluya ang akon tuhod sa lakat.	My knees are weak from walking.
Nagapalanakit ang akon mga pama-an.	My joints are aching.
May bukul sia sa iya liog.	He/She has a lump on his/her neck.
Kinahanglan ini operahan sang madasig.	This needs to be operated on quickly.
Wala sia sing gana magkaon.	He/She has no appetite to eat.
Sige lang ang iya suka kag lupot.	He/She keeps vomiting and having diarrhea.
Na-aywan ang iya abaga.	His/Her shoulder is dislocated.
Dal-a sia sa klinika subong.	Take him/her to the clinic now.
Tagpila ang reseta sini?	How much is this prescription?
Matig-a ang iya mga masel.	His/Her muscles are hard/stiff.
Nagadugo ang iya irong.	His/Her nose is bleeding.
Nakatindog na ang pasyente.	The patient is able to stand now.
Salamat sa Dios kay buhi pa sia.	Thank God he/she is still alive.
Ano ang ginabatyag mo?	What are you feeling?
Daw malipong ako sa init.	I feel like fainting from the heat.
Pungko anay sa idalom sang landong.	Sit down first under the shade.
Inom ka sang madamo nga tubig.	Drink plenty of water.
Hilam-usi ang imo guya.	Wash your face with water.
Putla ang imo kuko.	Cut your nails.
Madamo sia sing agi sa lawas.	He/She has many scars on the body.
Nasunog ang iya palad.	His/Her palm was burned.
Bantayi ang iya lakat sang ginhawa.	Watch the rhythm of his/her breathing.
Mapait ang bulong pero maayo ini.	The medicine is bitter but it is good.
Tulon sing maayo ang pildoras.	Swallow the pill properly.
Indi ka maglagaw kon may sakit ka.	Do not go out if you are sick.
Mag-maskara ka kon mag-gwa.	Wear a mask when you go out.
Limpyo ang hangin sa uma.	The air in the farm is clean.
Nagalubog ang iya mga mata.	His/Her eyes are sinking.
Kulang sia sa bitamina.	He/She is lacking in vitamins.
Kaon ka sing madamo nga prutas.	Eat a lot of fruits.
Matam-is ang duga sang prutas.	The fruit juice is sweet.
Maayo ang dagan sang iya dugo.	His/Her blood circulation is good.
May pilas sia sa iya daku nga tudlo.	He/She has a wound on his/her thumb.
Hapdi sang akon mata tungod sa aso.	My eyes are stinging because of the smoke.
Buhini ang imo pagkaon sang asin.	Reduce your intake of salt.
Indi mag-inom sang sobra nga kape.	Do not drink too much coffee.
Masakit ang akon siko.	My elbow hurts.
Nagahubag ang iya punga.	His/Her gums are swelling.
Gabuton na ang iya basang.	His/Her molar needs to be pulled out.
May kimpit ang iya buhok.	There is a clip in her hair.
Malaba na ang imo bungut.	Your beard is long already.
Barubasi ang imo bungut.	Shave your beard.
Maputi na ang buhok sang tigulang.	The elderly person's hair is already white.
May kuto ang bata sa ulo.	The child has lice on the head.
Husaya ang imo buhok.	Comb your hair.
Mabaho ang iya ginhawa.	His/Her breath smells bad.
Sipilyo ka sang imo ngipon.	Brush your teeth.
May bungi sia sa iya bibig.	He/She has a harelip on his/her lip.
Nakapi-ang sia sa dalagan.	He/She got a sprain from running.
Hilasa ang pasyente sang alkohol.	Rub the patient with alcohol.
Bugnaw ang iya agtang subong.	His/Her forehead is cool now.
Wala na sia sing hilanat.	He/She doesn't have a fever anymore.
Makatindog na sia sing isahanon.	He/She can stand up on his/her own.
Dal-a ang pasyente sa gwa.	Bring the patient outside.
Masanag na ang iya guya.	His/Her face is bright/clear now.
Maayo gid ang pagtatap sa iya.	The care for him/her is very good.
Mag-andam kamo sa inyo lawas.	Take care of your bodies.
Lawas ang puhunan naton sa ubra.	Our body is our investment in work.
Indi magpatuyang sa pagkaon.	Do not overindulge in eating.
Tulog sing husto kada gab-i.	Sleep enough every night.
Mag-ehersisyo kamo kada aga.	Exercise every morning.
Mabakud ang iya panglawas.	His/Her health is robust.
Kabay pa nga mag-ayo ka na.	I hope you get well soon.
Amen, salamat gid sa pangamuyo.	Amen, thank you very much for the prayer.
Diin ang botika diri?	Where is the drugstore here?
Bakal ka sang gapas kag alkohol.	Buy some cotton and alcohol.
Limpyuha ang pilas kada adlaw.	Clean the wound every day.
Tabuni ang pilas sang limpyo nga tela.	Cover the wound with a clean cloth.
Indi pag-ubton ang bulong.	Do not stop the medicine (abruptly).
Sunda ang hambal sang doktor.	Follow the doctor's words.
Malipayon kami kay maayo ka na.	We are happy because you are well now.
Mag-andam ka pirme sa imo lakat.	Always be careful on your way.
Tubtob sa liwat naton nga pagkitaay.	Until our next meeting.
Isá ka bilog nga tinapay.	One piece of bread.
Duha ka baso nga tubig.	Two glasses of water.
Tatlo ka adlaw ang byahe.	The trip is three days long.
Apat ka tuig na ang nakalipas.	Four years have already passed.
Lima ka gatos ang plete.	The fare is five hundred.
Anum ka bulan ang kontrata.	The contract is for six months.
Pito ka sako nga bugas.	Seven sacks of rice.
Waló ka bilog nga itlog.	Eight pieces of eggs.
Siyam ka dupa ang kudal.	The fence is nine arm-spans long.
Napulo ka pesos ang sukli.	The change is ten pesos.
Onse ka oras ang tulog ko.	My sleep was eleven hours.
Dose ka bilog ang isa ka dusing.	One dozen is twelve pieces.
Beinte ka gatos ang utang niya.	His debt is two thousand.
Trenta ka adlaw sa isa ka bulan.	Thirty days in one month.
Kuarenta ka tuig na sia.	He/She is already forty years old.
Singkuenta pesos ang kilo.	Fifty pesos per kilo.
Sesenta ka minuto sa isa ka oras.	Sixty minutes in one hour.
Setenta ka bilog nga lubi.	Seventy pieces of coconuts.
Ochenta ka sako nga tubo.	Eighty sacks of sugarcane.
Nobenta ka porsyento ang grado.	The grade is ninety percent.
Isa ka gatos ka tawo ang ari.	One hundred people are here.
Isa ka libo ang bayad.	The payment is one thousand.
Pila ka kilo ang dala mo?	How many kilos are you carrying?
Bug-at ini sing lima ka libra.	This weighs five pounds.
Malapad ini sing tatlo ka dangan.	This is three palm-widths wide.
Malaba ini sing apat ka piyé.	This is four feet long.
Gamay lang ang sulod sini.	There is only a little inside this.
Madamo ang bunga sang kahoy.	The tree has many fruits.
Katunga lang ang ihatag mo.	Give only one half.
Ikapat nga parte ang unod.	One fourth part is the content.
Pila na ang oras subong?	What time is it now?
Alas-sais na sang aga.	It is already six o'clock in the morning.
Alas-dose na sang udto.	It is already twelve o'clock noon.
Alas-tres na sang hapon.	It is already three o'clock in the afternoon.
Alas-otso na sang gab-i.	It is already eight o'clock in the evening.
Tungang gab-i na gid.	It is already midnight.
Pila ka minuto ang nabilin?	How many minutes are left?
Karon sa hapon ako maabot.	I will arrive later this afternoon.
Bwas sa aga kita malakat.	We will leave tomorrow morning.
Sang kaisa nga adlaw pa ina.	That was from the other day.
Sang nagligad nga semana.	Last week.
Sa masunod nga bulan.	Next month.
Subong nga tuig ang amon kasal.	Our wedding is this year.
Kada adlaw ako naga-obra.	I work every day.
Kada semana ang amon sweldo.	Our salary is every week.
Bulan-bulan ang balayran.	The payment is monthly.
Tuig-tuig ang amon pyesta.	Our fiesta is every year.
Lunes ang sugod sang klase.	Monday is the start of classes.
Martes ako makadto sa banwa.	Tuesday I will go to town.
Miyerkules ang amon pahuway.	Wednesday is our rest day.
Huwebes ang tyempo sang merkado.	Thursday is market time.
Biyernes ang tapos sang ubra.	Friday is the end of work.
Sabado ang amon pagpanglaba.	Saturday is our washing day.
Domingo ang adlaw sang pahuway.	Sunday is the day of rest.
Enero ang sugod sang tuig.	January is the start of the year.
Pebrero ang bulan sang gugma.	February is the month of love.
Marso ang sugod sang ting-adlaw.	March is the start of the dry season.
Abril ang bulan sang bakasyon.	April is the month of vacation.
Mayo ang kapiyestahan diri.	May is the fiesta season here.
Hunyo ang sugod sang ting-ulan.	June is the start of the rainy season.
Hulyo ang tunga sang tuig.	July is the middle of the year.
Agosto ang bulan sang paho.	August is the month of mangoes.
Septyembre ang sugod sang amon ubra.	September is the start of our work.
Oktubre ang tig-alani sang humay.	October is the rice harvest season.
Nobyembre ang adlaw sang mga patay.	November is the day of the dead.
Disyembre ang bulan sang Paskwa.	December is the month of Christmas.
Pila ka dupa ang kalabaon?	How many arm-spans is the length?
Malapad ang dalan sa syudad.	The road in the city is wide.
Mataas ang pader sang balay.	The wall of the house is high.
Manubo lang ang kudal namon.	Our fence is just low.
Madamol ang tela sang bayu.	The fabric of the dress is thick.
Maniwang ang kanding sa uma.	The goat on the farm is thin.
Matig-a ang unod sang lubi.	The coconut meat is hard.
Mahumok ang duta sa pangpang.	The soil on the bank is soft.
Masobra ini sa tatlo ka kilo.	This is more than three kilos.
Kulang ini sing isa ka litro.	This is lacking one liter.
Husto lang ang timbang sini.	The weight of this is just right.
Bug-at gid ang sako sang asukar.	The sack of sugar is very heavy.
Magang-an lang ang bulak.	Cotton is just light.
Pila ka porsyento ang nakuha mo?	What percentage did you get?
Katunga lang ang ihatag ko sa imo.	I will give you only half.
Isá ka dusing nga itlog.	One dozen eggs.
Pila ka bilog ang gusto mo?	How many pieces do you want?
Isa ka libo ka sako ang karga.	The load is one thousand sacks.
Ginatos ka tawo ang nagtambong.	Hundreds of people attended.
Linibo ka pesos ang nagasto ko.	I spent thousands of pesos.
Pila ka beses ka nagkaon?	How many times did you eat?
Duha ka beses sa isa ka adlaw.	Twice a day.
Kaisa lang ako nakakadto didto.	I have only been there once.
Makapila ka na nag-abot?	How many times have you arrived?
Tagsingkuenta ang kada kilo.	Each kilo is fifty pesos.
Tagpila ang isa ka bilog?	How much for one piece?
Pila ang kabilugan sang utang?	What is the total of the debt?
Ihatag ang kulang nga sukli.	Give the lacking change.
Sobra ang ginhatag mo sa akon.	What you gave me was too much.
Husto gid ang imo itir.	Your calculation is exactly right.
Mag-isip ka sing maayo.	Count carefully.
Balika ang pag-isip sang kwarta.	Recount the money.
Salamat sa husto nga pag-isip.	Thank you for the correct counting.
Gusto ko mag-eskwela sa banwa.	I want to go to school in town.
Maalam gid ang amon maestro.	Our teacher is very intelligent.
Diin ang imo libro sa Hiligaynon?	Where is your Hiligaynon book?
Magtuon ka sang imo lesyon.	Study your lesson.
Pila ang grado mo sa matematika?	What is your grade in mathematics?
Malapad ang ugsaran sang eskwelahan.	The school campus is wide.
Nagasulat ako sang binalaybay.	I am writing a poem.
Basaha ang yara sa papan.	Read what is on the board.
May ara ako sing papel kag pensil.	I have paper and a pencil.
Sin-o ang prinsipal sang eskwelahan?	Who is the principal of the school?
Mataas ang amon matun-an subong.	We have much to learn today.
Indi ako kabalo magbasa sang kasing.	I don't know how to read the script.
Buligi ako sa akon asaynment.	Help me with my assignment.
Tapos na ang amon klase.	Our class is finished.
San-o ang inyo nga eksamen?	When is your exam?
Nakapasar ako sa tanan nga sabak.	I passed all the subjects.
Nagahampang ang mga bata sa plasa.	The children are playing at the plaza.
Maisog sia maghambal sa atubang.	He/She is brave to speak in front.
Pamati kamo sa ginasiling sang maestra.	Listen to what the teacher is saying.
Indi kamo maggahod sa sulod sang hulot.	Do not be noisy inside the room.
Maayo ang imo agi sa pagsulat.	Your handwriting is good.
Pila ka tuig ang kurso mo?	How many years is your course?
Graduado na sia sa kolehiyo.	He/She is already a college graduate.
Gusto ko makatapos sang pagtuon.	I want to finish my studies.
Maragtas ang paborito ko nga sabak.	History is my favorite subject.
May daku kami nga librarya diri.	We have a big library here.
Husto gid ang imo sabat.	Your answer is exactly right.
Sala ang imo pag-isip sang numero.	Your calculation of the numbers is wrong.
Pataura ang imo pinsar.	Sharpen your mind.
Magpamangkot ka kon wala ka kabalo.	Ask a question if you don't know.
Intiendehon mo ang ginabasa mo.	Understand what you are reading.
Ano ang topiko sang inyo diskusyon?	What is the topic of your discussion?
Nagahimo kami sang proyekto.	We are making a project.
Kulang ang akon tinta sa bolpen.	My pen is lacking ink.
Diin ang imo bag nga pang-eskwela?	Where is your school bag?
Buksi ang imo libro sa pahina dies.	Open your book to page ten.
Siraduha ang notebook mo.	Close your notebook.
Mag-ensayo kita sang kanta.	Let's practice the song.
May sinapol ang mga ginikanan.	The parents have a meeting.
Libre ang edukasyon sa publiko.	Education is free in public (schools).
Maugod ang mga estudyante diri.	The students here are diligent.
Indi kamo mag-absent sa klase.	Do not be absent from class.
Masanag ang palaabuton sang maalam.	The future of the wise is bright.
Ang ihibalo amo ang manggad.	Knowledge is wealth.
Tuonan naton ang aton maragtas.	Let's study our history.
Sabta ang mga pamangkot sa idalom.	Answer the questions below.
Isulat ang imo ngalan sa papel.	Write your name on the paper.
Ano ang paborito mo nga libro?	What is your favorite book?
Nagatuon kami sang bag-o nga pulong.	We are learning a new word.
Diin dampi ang opisina sang dekano?	Where is the dean's office located?
Pila ka estudyante ang ara sa klase?	How many students are in the class?
Matig-a ang ulo sang bata nga ina.	That child is stubborn (hard-headed).
Malulu ang tingog sang nagahambal.	The speaker's voice is gentle.
Indi mag-ilinaway sa sulod sang eskwelahan.	Do not fight inside the school.
Respetuha ang inyo mga kaupod.	Respect your peers.
Maayo ang record sang iya grado.	His/Her grade record is good.
Kinahanglan naton sing dugang nga silya.	We need more chairs.
Masanag ang suga sa hulot-tuonan.	The light in the study room is bright.
San-o ang sugod sang bakasyon?	When is the start of the vacation?
Malipayon kami sa amon pag-eskwela.	We are happy in our schooling.
Mag-andam ka sa imo pagpauli.	Be careful on your way home.
Ihatag ini sa imo maestro.	Give this to your teacher.
Nakalimtan ko ang akon baon.	I forgot my packed lunch.
Hatagi ako sing gamay nga papel.	Give me a small piece of paper.
Gamita ang panggura sa sining sala.	Use the eraser on this mistake.
Isulod ang mga gamit sa kaban.	Put the things inside the chest/locker.
Tapusa ang inyo ubra subong.	Finish your work today.
May pasundayag kami sa Biyernes.	We have a performance on Friday.
Kaupod ko ang akon mga klasmeyt.	I am with my classmates.
Ano ang kabilugan nga grado mo?	What is your total grade?
Matuod gid ang ginasiling sang libro.	What the book says is really true.
Indi maghimo sing kinagula sa klase.	Do not make a ruckus in class.
Pungko kamo sing maayo.	Sit down properly.
Bukas ang eskwelahan sa tanan.	The school is open to all.
Ipaathag ang imo rason.	Explain your reason.
Naga-intra ako sa paindis-indis.	I am participating in the competition.
Nagdaog sia sang una nga padugung.	He/She won the first prize/honor.
Proud ang mga ginikanan sa iya.	The parents are proud of him/her.
Magpadayon kamo sa inyo pagtuon.	Continue with your studies.
Kabay pa nga madamo kamo sing matun-an.	I hope you learn many things.
Ining eskwelahan daku gid.	This school is very big.
Limpyo ang palibot sang kakahuyan.	The surroundings of the grove are clean.
Pila ka kwarto ang ara sa bilding?	How many rooms are in the building?
San-o ang adlaw sang gradwasyon?	When is graduation day?
Isul-ob ang inyo uniporme.	Wear your uniforms.
Mahumok ang iya buot sa pagtudlo.	His/Her heart is soft (patient) in teaching.
Indi mag-untat sa pagpangita sang kamatuoran.	Do not stop searching for the truth.
Malayo ang lalakton pakadto sa kolehiyo.	It is a long walk to the college.
Ari na ang inyo report kard.	Here is your report card.
Basaha sing maayo ang direksyon.	Read the directions carefully.
Isulat ang sabat sa tunga.	Write the answer in the middle.
Tapos na ang oras sang pagsulat.	The time for writing is over.
Ihatag ang mga papel sa unahan.	Pass the papers to the front.
Salamat sa inyo pagpamati.	Thank you for your listening.
Maayong hapon sa inyo tanan.	Good afternoon to you all.
Mag-andam kamo sa pagtabok sa dalan.	Be careful in crossing the road.
Tubtob sa liwat nga pagkitaay sa klase.	Until we meet again in class.
Maayo gid ang inyo ginpakita subong.	What you showed today was very good.
Hu-o, maningkamot pa kami gid.	Yes, we will strive even harder.
Amen, mangin maayo ang tanan.	Amen, everything will be well.
Pungko ka sa siyam nga kawayan.	Sit on the bamboo chair.
Malapad ang amon lamesa sa kusina.	Our kitchen table is wide.
Diin mo ginbutang ang kutsara?	Where did you put the spoon?
Hugasi ang tinidor kag tinapay.	Wash the fork and the plate.
Inom ka sang tubig sa baso.	Drink water from the glass.
Mainit pa ang kape sa tasa.	The coffee in the cup is still hot.
Punu-a ang banga sang tubig.	Fill the clay jar with water.
Gamita ang kabu sa pagpaligo.	Use the dipper for bathing.
Isulod ang bayu sa kaban.	Put the clothes inside the chest.
Trapuhi ang salog sang balay.	Wipe the floor of the house.
Basulon mo ang mga pinggan.	Wash the dishes.
Siraduha ang pultahan sang kwarto.	Close the door of the room.
Buksi ang bintana para sa hangin.	Open the window for the air.
Matig-a ang unod sang lubi.	The coconut meat is hard.
Kagusa ang lubi para sa gata.	Grate the coconut for the milk.
Isulod ang kan-on sa daba.	Put the rice in the clay pot.
Mainit ang sabaw sang tinola.	The tinola soup is hot.
Namit gid ang imo luto subong.	Your cooking is very delicious today.
Ubosa ang pagkaon sa pinggan.	Finish the food on the plate.
Pudyota ang basura sa idalom.	Pick up the trash underneath.
Ihaboy ang higko sa gwa.	Throw the dirt outside.
Limpyuha ang ugsaran sang balay.	Clean the yard of the house.
Panyuson mo ang imo guya.	Wipe your face.
Isul-ob ang imo bag-o nga bayu.	Wear your new clothes.
Labhi ang mga mahigko nga tela.	Wash the dirty fabrics.
Ibulad ang mga linabhan sa init.	Dry the laundry in the sun.
Pili-a ang mga luto nga paho.	Choose the ripe mangoes.
Pila ka bilog nga itlog ang luto?	How many pieces of eggs are cooked?
Isagol ang asin sa utan.	Mix the salt into the vegetables.
Matam-is ang kalamay sa kape.	The sugar in the coffee is sweet.
Maaslam ang duga sang kalamansi.	The juice of the calamansi is sour.
Mapait ang panyaga namon subong.	Our lunch is bitter today.
Busog na gid ang mga bata.	The children are very full.
Patya ang suga sa sala.	Turn off the light in the living room.
Sindaha ang mitsa sang tinghoy.	Light the wick of the oil lamp.
Mahumok ang ulunan sa kama.	The pillow on the bed is soft.
Habuni ang imo lawas sang maayo.	Soap your body well.
Husaya ang imo gulo nga buhok.	Comb your messy hair.
Putla ang kuko sang imo kamut.	Cut the nails of your hand.
Sipilyo ka sang imo mga ngipon.	Brush your teeth.
Kay-uha ang atop nga nagatulo.	Fix the roof that is leaking.
Madamo sang lamok sa sulod.	There are many mosquitoes inside.
Isira ang moskitero sang bata.	Close the child's mosquito net.
Tulog na ang amon sapat.	Our animal is already asleep.
Bugtaw na ang manok sa aga.	The chicken is awake in the morning.
Malaka lang ang tawo diri.	There are only a few people here.
Madamo ang bunga sang bayabas.	The guava tree has many fruits.
Sukla ang kalabaon sang tela.	Measure the length of the cloth.
Bug-at ang sako sang bugas.	The sack of rice is heavy.
Magang-an lang ining karga.	This load is just light.
Hatagi ako sing gamay nga tubig.	Give me a little water.
Pila ang bili sang sining banga?	How much is the price of this jar?
Barato lang ang baligya sa tindahan.	The goods at the store are just cheap.
Wala na kamo sing kalamay?	Do you have no more sugar?
Ari ang akon bayad sa imo.	Here is my payment to you.
Batuna ining regalo halin sa amon.	Accept this gift from us.
Salamat gid sa imo pag-ulikid.	Thank you very much for your care.
Wala ina sing kabilinggan.	That is no trouble at all.
Magbinuligay kita sa ubra.	Let's help each other in the work.
Maugod gid ang akon asawa.	My spouse is very hardworking.
Buot ang amon mga kabata-an.	Our children are well-behaved.
Indi kamo mag-away sa sulod.	Do not fight inside.
Mag-ayuhay kamo nga mag-ulutod.	Get along well as siblings.
Palangga namon ang amon lola.	We love our grandmother.
Isog ang amon lolo sa amon.	Our grandfather is strict with us.
Pila kamo tanan sa balay?	How many are you all in the house?
Mapuli na kami sa probinsya.	We are going home to the province.
Malayo ang byahe sang bus.	The bus trip is long.
Dal-a ang imo payong subong.	Bring your umbrella now.
Basi mabasa ka sang ulan.	You might get wet from the rain.
Mainit gid ang panahon diri.	The weather is very hot here.
Daw maulan gid sa hapon.	It looks like it will rain in the afternoon.
Masanag ang bulan sa gwa.	The moon is bright outside.
Madulom ang dalan kon gab-i.	The road is dark at night.
Pungko kamo sing maayo sa bangko.	Sit properly on the bench.
Ubosa ang unod sang baso.	Finish the contents of the glass.
Diin mo ginbutang ang silhig?	Where did you put the broom?
Silhiga ang mga dagi sa salog.	Sweep the dust on the floor.
Ibutang ang mga bayu sa bularan.	Put the clothes on the drying rack.
Maluya ang lawas sang tigulang.	The elderly person's body is weak.
Hatagi sia sing mainit nga sabaw.	Give him/her hot soup.
Inom ka sang bulong sa hilanat.	Drink medicine for the fever.
Magpahuway ka anay sa idalom.	Rest first underneath (the shade).
Matahum gid ang inyo balay.	Your house is very beautiful.
Limpyo ang hangin sa uma.	The air on the farm is clean.
Nagakanta ang mga pispis sa kahoy.	The birds are singing in the tree.
Dasig ang dalagan sang ido.	The dog's run is fast.
Mahina ang lakat sang karubaw.	The carabao's walk is slow.
May ara kamo sing asin?	Do you have any salt?
Hatagi ako sing tunga nga baso.	Give me half a glass.
Husto na ina nga kadamuon.	That amount is enough.
Sobra ang imo ginhatag sa akon.	What you gave me was too much.
Iuli ang sobra nga sukli.	Return the excess change.
Salamat sa husto nga pag-isip.	Thank you for the correct counting.
Mag-andam kamo sa inyo lakat.	Be careful on your way.
Kabay pa nga maayo ang tanan.	I hope all is well.
Amen, mangin maayo gid kita.	Amen, we will be very well.
Paalam na sa inyo tanan.	Farewell to you all.
Tubtob sa liwat nga pagkitaay.	Until we meet again.
Malipayon gid ako nga makita ka liwat.	I am very happy to see you again.
Ngaa nagasungod ang imo bata?	Why is your child sulking?
Indi ka mag-akig sa akon.	Do not be angry with me.
Nahadlok sia sa madulom nga dalan.	He/She is afraid of the dark road.
Huya-huya ang dalaga sa atubang.	The young woman is shy in front.
Maisog ang amon amay sa amon.	Our father is brave/strict with us.
Maugod sia nga naga-obra sa uma.	He/She is diligent in working on the farm.
Matig-a ang ulo sang sining bata.	This child is stubborn.
Palangga gid sang lola ang iya apo.	The grandmother really loves her grandchild.
Mag-ayuhay kamo pirme nga mag-ulutod.	Always get along well as siblings.
Buligi ang mga imol sa banwa.	Help the poor in the town.
Mapinalanggaon ang mga Ilonggo.	Ilonggos are very affectionate.
Indi ka maghambal sang malain.	Do not speak evil words.
Magpasalamat ka sa iya kaayo.	Give thanks for his/her kindness.
Pasayluha ako sa akon sala.	Forgive me for my mistake.
Ano ang ginahibi mo subong?	What are you crying about now?
Nagakadlaw sila sa aton istorya.	They are laughing at our story.
Maalam ang iya sabat sa pamangkot.	His/Her answer to the question is wise.
Buot gid ang amon mga kaingod.	Our neighbors are very kind.
Indi mag-ilinaway sa tunga sang dalan.	Do not fight in the middle of the road.
Nagaupod kami pirme sa pagsimba.	We always go together to church.
Sin-o ang imo kaupod sa balay?	Who is your companion in the house?
Ako lang isa ang nabilin diri.	I am the only one left here.
Mag-istoryahanay kita sing maayo.	Let us talk properly.
Ano ang ginabatyag sang imo kasing-kasing?	What is your heart feeling?
Nasubuan ako tungod sa natabo.	I am sad because of what happened.
Indi ka magkabalaka, ari ako.	Do not worry, I am here.
Maghulat ka anay sa gwa.	Wait for a while outside.
Dasig ang iya pag-abot diri.	His/Her arrival here was fast.
Mahina ang iya lakat subong.	His/Her walk is slow right now.
Nakilala mo bala ang tawo nga ina?	Do you know that person?
Ambot kon diin sia nagkadto.	I don't know where he/she went.
Sigurado ka bala sa imo ginasiling?	Are you sure about what you are saying?
Matuod gid ang tanan nga ginsiling ko.	Everything I said is really true.
Indi ka magbutig sa imo ginikanan.	Do not lie to your parents.
Respetuha ang mga malantas sa aton.	Respect those older than us.
Magbinuligay kita sa sining ubra.	Let us help each other in this work.
Maayo ang record sang iya pamatasan.	His/Her character record is good.
Nakalulu ang iya tingog pamatian.	His/Her voice is soothing to listen to.
Maisog sia nga nag-atubang sa amon.	He/She bravely faced us.
Malipayon kami sa inyo pag-abot.	We are happy about your arrival.
Halong ka sa imo pagpauli.	Take care on your way home.
Kabay pa nga magkitaay kita liwat.	I hope we see each other again.
Salamat gid sa imo pag-ulikid.	Thank you very much for your concern.
Wala ina sing kabilinggan sa akon.	That is no trouble for me.
Proud ang pamilya sa imo kadalag-an.	The family is proud of your success.
Mag-antos kita para sa kaayuhan.	Let us endure for the sake of good.
Maayo gid ang inyo ginpakita.	What you showed was very good.
Indi kamo magpahigad sa kinahanglanon.	Do not set aside what is necessary.
Magpangamuyo kita sa Dios.	Let us pray to God.
Amen, amo gid ina ang dapat.	Amen, that is exactly how it should be.
Pila ka tuig na kamo nga mag-asawa?	How many years have you been married?
Lima na ka tuig kami nga upod.	We have been together for five years.
May ara na kamo sing bata?	Do you already have a child?
Isá pa lang ang amon anak.	We only have one child so far.
Malipayon ang amon pagpuyo diri.	Our living here is happy.
Diin dampi ang inyo balay?	Whereabouts is your house?
Didto sa binit sang suba.	There by the side of the river.
Bisitahan niyo kami kon may oras.	Visit us if you have time.
Hu-o, makadto kami didto bwas.	Yes, we will go there tomorrow.
Salamat sa pag-agda sa amon.	Thank you for inviting us.
Gamay lang ang amon balay.	Our house is just small.
Pero limpyo ang amon palibot.	But our surroundings are clean.
Matam-is ang amon pag-ubay.	Our guidance (of each other) is sweet.
Indi mag-untat sa pagbinuligay.	Do not stop helping each other.
Masanag ang aton palaabuton.	Our future is bright.
Tapuson naton ining ubra subong.	Let us finish this work today.
Ubosa ang inyo pasensya sa bata.	Exhaust your patience for the child.
Mahumok ang iya buot sa amon.	His/Her heart is soft toward us.
Isog ang iya hambal pero maayo sia.	His/Her words are harsh but he/she is good.
Nakit-an ko sia nga naga-isahanon.	I saw him/her being alone.
Ginpamangkot ko sia kon kamusta sia.	I asked him/her how he/she was.
Nagsabat sia nga maayo man sia.	He/She answered that he/she was fine.
Nagkadlaw kami nga duha.	The two of us laughed.
Namit gid ang amon istoryahanay.	Our conversation was very pleasant.
Pila na ang oras sang inyo lakat?	What time is your departure?
Alas-otso kami sang gab-i malakat.	We will leave at eight in the evening.
Mag-andam kamo sa dalan pirme.	Always be careful on the road.
Dal-a ining pagkaon para sa byahe.	Take this food for the trip.
Salamat gid sa inyo regalo.	Thank you very much for your gift.
Batuna ining pasalamat halin sa amon.	Accept this thanks from us.
Wala na sing iban pa nga problema?	Is there no other problem?
Wala na, maayo na ang tanan.	None anymore, everything is fine now.
Mag-upod kamo sa amon sa kalingawan.	Come with us for some fun.
Malipayon ang mga tawo sa pyesta.	The people are happy at the fiesta.
Matahum ang mga sapat sa latagon.	The animals in the field are beautiful.
Madamo ang nagapamati sa iya.	Many are listening to him/her.
Maalam gid sia magdala sang tawo.	He/She is very good at leading people.
Respetado sia sa amon baryo.	He/She is respected in our village.
Buot kag maugod nga pagkatawo.	A kind and hardworking personality.
Kabay pa nga sundon sia sang iban.	I hope others follow him/her.
Amen, mangin maayo ang komunidad.	Amen, the community will be good.
Paalam na, malakat na kami.	Farewell, we are leaving now.
Tubtob sa liwat nga pagkitaay naton.	Until we see each other again.
Maayong gab-i sa inyo tanan.	Good night to you all.
Magtulog kamo sing maayo.	Sleep well.
Bugtaw kita bwas sa kasanagon.	We will wake up at dawn tomorrow.
Mag-obra kita para sa aton pamilya.	Let us work for our family.
Ang Dios mag-upod sa aton.	God be with us.
Maayo gid ang aton palaabuton.	Our future is very good.
Makadto ako sa merkado subong.	I am going to the market now.
Tagpila ang kilo sang bugas?	How much is a kilo of rice?
Mahal gid ang presyo sang isda.	The price of fish is very expensive.
Hatagi ako sing gamay nga tawad.	Give me a little discount.
Barato na ina nga baligya.	That item is already cheap.
Pila ang kabilugan sang akon bakwa?	How much is the total of my purchase?
Wala na kamo sing gamay nga sinsilyo?	Do you have no more small change?
Ari ang akon bayad sa imo.	Here is my payment to you.
Pila ka porsyento ang tubo sini?	What percentage is the profit of this?
Nagautang sia para sa iya puhunan.	He/She is borrowing for his/her capital.
Kinahanglan naton magtipon sang kwarta.	We need to save money.
Gastos gid ang magbiyahe sa malayo.	Traveling far is very costly.
May ara kamo sang ginabaligya nga manok?	Do you have any chickens for sale?
Bakal ka sang asin kag kalamay.	Buy some salt and sugar.
Diin dampi ang baylaran diri?	Where is the payment counter here?
Bukas na ang tindahan sa kanto.	The store at the corner is open already.
Sirado ang banko kon Sabado.	The bank is closed on Saturdays.
Pila ang sweldo mo kada semana?	How much is your salary every week?
Kulang ang sulod sang akon pitaka.	The contents of my wallet are lacking.
Nadula ang akon kwarta sa dalan.	My money was lost on the road.
Mag-isip ka sing maayo sang sukli.	Count the change carefully.
Husto gid ang imo itir sa amon.	Your calculation for us is exactly right.
Indi magdaya sa pagtimbang sang karne.	Do not cheat in weighing the meat.
Malapad ang pwesto niya sa merkado.	His/Her stall in the market is wide.
Madamo ang nagabakal sa iya subong.	Many people are buying from him/her now.
Preska pa ang mga utan halin sa uma.	The vegetables from the farm are still fresh.
Ubos na ang baligya nga itlog.	The eggs for sale are all gone/sold out.
San-o maabot ang bag-o nga karga?	When will the new cargo arrive?
Malakat ang trak sa alas-otso.	The truck will leave at eight o'clock.
Pila ka sako ang i-deliver niyo?	How many sacks will you deliver?
Bug-at gid ang sako sang asukar.	The sack of sugar is very heavy.
Magang-an lang ining mga tela.	These fabrics are just light.
Ilista ang iya utang sa notebook.	List his/her debt in the notebook.
Bayari ang imo obligasyon sa oras.	Pay your obligation on time.
Wala ako sing kwarta nga papel subong.	I don't have paper money right now.
Pila ka pesos ang bayad sa plete?	How many pesos is the fare?
Tagsingkuenta ang kada tumpok sini.	Each pile of this is fifty pesos.
Batuna ining resibo sang imo bakal.	Accept this receipt for your purchase.
Maalam sia magnegosyo sa banwa.	He/She is wise in doing business in town.
Maugod sia sa pagpangita sang pangabuhian.	He/She is diligent in seeking a livelihood.
Magbinuligay kita sa pagbaligya.	Let's help each other in selling.
Indi kamo mag-away tungod sa kwarta.	Do not fight because of money.
Respetuha ang presyo sang tindera.	Respect the price of the vendor.
May discount kamo kon magbakal madamo.	You have a discount if you buy many.
Pila ka dusing ang gusto mo?	How many dozen do you want?
Isá ka gatos ka pesos ang tanan.	Everything is one hundred pesos.
Ari ang imo sukli nga dyes pesos.	Here is your ten pesos change.
Salamat gid sa imo pagbakal sa amon.	Thank you very much for buying from us.
Balik ka liwat sa masunod nga semana.	Come back again next week.
Kabay pa nga mag-uswag ang inyo negosyo.	I hope your business progresses/prospers.
Amen, salamat sa imo pangamuyo.	Amen, thank you for your prayer.
Diin dampi ang paradahan sang dyip?	Where is the jeepney terminal?
Malayo pa bala ang lalakton naton?	Do we still have a long way to walk?
Malapit na lang kita mag-abot.	We are almost there.
Dal-a ang imo listahan sang baklon.	Bring your list of things to buy.
Basi malimtan mo ang iban nga gamit.	You might forget the other items.
Mainit gid sa gwa sang merkado.	It is very hot outside the market.
Pungko anay sa landong sang kahoy.	Sit first in the shade of the tree.
Inom ka sang mabugnaw nga tubig.	Drink some cold water.
Diin ang botika nga pinakamalapit?	Where is the nearest drugstore?
Bakal ka sang bulong sa hilanat.	Buy some medicine for fever.
Pila ang kantidad sang reseta mo?	What is the amount of your prescription?
Mabuhay pa ang aton paghulat diri.	Our waiting here will take a long time.
Tapos na ang oras sang pag-obra.	The working hours are over.
Mapuli na ang mga naga-obra sa uma.	The farm workers are going home now.
Malipayon kami kay may kita subong.	We are happy because there is an income today.
Ihatag ang kwarta sa imo asawa.	Give the money to your wife.
Ipanigana ang para sa pag-eskwela.	Set aside the portion for schooling.
Ang ihibalo amo ang matuod nga manggad.	Knowledge is the true wealth.
Mag-andam kamo sa inyo pagpauli.	Be careful on your way home.
Dal-a ining pasalubong para sa mga bata.	Take this gift for the children.
Namit gid ang tinapay halin sa banwa.	The bread from town is very delicious.
Ubosa ang inyo panyaga subong.	Finish your lunch now.
Busog na gid ang tanan sa balay.	Everyone at home is very full.
Patya ang suga antes kamo matulog.	Turn off the light before you sleep.
Masanag ang bulan sa tunga sang latagon.	The moon is bright in the middle of the field.
Madulom ang dalan kon wala sing kasanag.	The road is dark if there is no light.
Mag-upod kita bwas sa pag-obra.	Let's go together to work tomorrow.
Dasig ang aton lakat pakadto didto.	Our walk towards there is fast.
Mahina ang dagan sang karusa subong.	The cart's movement is slow today.
Pila ka oras ang aton byahe?	How many hours is our trip?
Tatlo ka oras ang byahe sang bus.	The bus trip is three hours long.
Malaka na lang ang tawo sa dalan.	There are only a few people on the road now.
Maayong gab-i sa inyo tanan diri.	Good night to all of you here.
Magpahuway kamo sing maayo subong.	Rest well now.
Tubtob sa liwat naton nga pagkitaay.	Until our next meeting.
Ginasiling ko sa imo ang matuod.	I am telling you the truth.
Magpati ka sa akon mga hambal.	Believe in my words.
Indi gid ako magbutig sa imo.	I will never lie to you.
Ambot kon ngaa natabo ini sa aton.	I don't know why this happened to us.
Sin-o ang naghimo sini nga sala?	Who made this mistake?
Ako ang nag-ako sang akon sala.	I admitted my mistake.
Pasayluha ako sa akon kakulangan.	Forgive me for my shortcomings.
Hu-o, ginapatawad ko na ikaw.	Yes, I forgive you already.
Salamat sa imo daku nga pasensya.	Thank you for your great patience.
Wala na sing kabilinggan sa akon.	It is of no concern to me anymore.
Mag-ayuhay kita tanan nga mag-ulutod.	Let's all get along as siblings.
Maayo gid ang aton pag-inupdanay.	Our companionship/relationship is very good.
Kabay pa nga magdugay ini.	I hope this lasts long.
Amen, amo man sa imo.	Amen, the same to you.
Paalam na sa inyo tanan subong.	Farewell to all of you for now.
Gusto ko magpatindog sang balay.	I want to build a house.
Pila ka gatos ka semento ang kinahanglan?	How many hundred bags of cement are needed?
Mahal ang bakal sa hardware subong.	Steel is expensive at the hardware store now.
Malapad ang pundasyon sang bilding.	The building's foundation is wide.
Diin mo ginbutang ang martilyo?	Where did you put the hammer?
Gamita ang lansi para sa lansang.	Use the claw bar for the nail.
Mabug-at ang mga hallow blocks.	The hollow blocks are heavy.
Pila ka tapakan ang kalabaon sini?	How many feet is the length of this?
Maalam gid ang amon panday.	Our carpenter is very skilled.
Kanaryas ang kolor sang amon pader.	The color of our wall is yellow.
Kay-uha ang atop nga nagatulo.	Fix the roof that is leaking.
Gamita ang kawayan para sa kudal.	Use bamboo for the fence.
Matig-a gid ang kahoy nga tugas.	Molave wood is very hard.
Manubo lang ang atop sang amon balay.	The roof of our house is just low.
Mataas ang hagdanan pakadto sa ibabaw.	The stairs going up are high.
Pila ka kwarto ang gusto mo ipahimo?	How many rooms do you want to have made?
Buksi ang pultahan sang kusina.	Open the kitchen door.
Siraduha ang bintana kon gab-i.	Close the window at night.
Limpyuha ang mga dagi sa salog.	Clean the dust on the floor.
Pinturahan naton ang gwa sang balay.	Let's paint the outside of the house.
Ano ang sukul sang inyo duta?	What is the measurement of your land?
Malapad ang ugsaran sa atubang.	The yard in front is wide.
Diin dampi ang banyo sa sining plano?	Where is the bathroom in this plan?
Magang-an lang ining mga tabla.	These wooden boards are just light.
Ibutang ang mga gamit sa bodega.	Put the tools/items in the warehouse.
Kinahanglan naton sing dugang nga lansang.	We need more nails.
Dasig ang ubra sang mga tinawo.	The workers' work is fast.
Mahina ang pag-uga sang semento tungod sa ulan.	The cement is drying slowly because of the rain.
Pila ka adlaw ang pahuway sang mga panday?	How many days is the carpenters' break?
Domingo ang adlaw nga wala sing ubra.	Sunday is the day without work.
Tapos na ang balay sa masunod nga bulan.	The house will be finished next month.
Malipayon kami sa amon bag-o nga puluy-an.	We are happy in our new home.
Maayo gid ang pagkay-ub sang atop.	The fixing of the roof was very good.
Wala na sing tulo ang amon balay.	Our house has no more leaks.
Masanag ang suga sa sala.	The light in the living room is bright.
Madulom ang agi-an sa likod.	The passageway at the back is dark.
Isira ang kudal para indi makasulod ang sapat.	Close the fence so the animals cannot enter.
Maugod ang amon kapatas sa site.	Our foreman at the site is diligent.
Pila ang kabilugan nga gasto naton?	How much is our total expense?
Ilista ang tanan nga materyales sa papel.	List all the materials on the paper.
Bakal ka sang pinturang puti.	Buy some white paint.
Hatagi ako sing gamay nga sinsilyo para sa plete.	Give me some small change for the fare.
Ari ang bayad para sa inyo ubra.	Here is the payment for your work.
Salamat sa madasig nga pag-obra.	Thank you for the fast work.
Wala ina sing problema sa amon.	That is no problem for us.
Mag-andam kamo sa paggamit sang lagari.	Be careful in using the saw.
Isul-ob ang inyo proteksyon sa ulo.	Wear your head protection.
Mainit gid sa ibabaw sang atop.	It is very hot on top of the roof.
Inom kamo sang madamo nga tubig.	Drink plenty of water.
Pahuway anay kamo sa landong.	Rest for a while in the shade.
Namit ang amon panyaga subong.	Our lunch today is delicious.
Ubosa ang kan-on sa inyo pinggan.	Finish the rice on your plates.
Busog na gid ang mga naga-obra.	The workers are very full.
Magpadayon kita sa ubra pagkatapos sang pahuway.	Let's continue working after the rest.
Husto gid ang timbang sang mga semento.	The weight of the cement bags is exactly right.
Indi magdaya sa pagtakus sang duta.	Do not cheat in measuring the land.
Matuod gid ang ginasiling sang amon panday.	What our carpenter says is really true.
Respetuha ang luyag sang tag-iya.	Respect the wishes of the owner.
Kabay pa nga mangin matig-a ining balay.	I hope this house will be sturdy.
Amen, mangin maayo gid ang tanan.	Amen, everything will be very good.
Diin ang paradahan sang trak sang semento?	Where is the cement truck terminal/parking?
Malayo pa bala ang inyo kargahan?	Is your loading area still far?
Malapit na lang kita sa kanto.	We are almost at the corner.
Dal-a ining mga kagamitan sa sulod.	Bring these tools inside.
Basi madula ang iban nga gamit sa gwa.	The other tools outside might get lost.
Siraduha ang bodega antes magpuli.	Close the warehouse before going home.
Mapuli na kami sa amon pamilya.	We are going home to our families now.
Malipayon kami kay tapos na ang ubra subong.	We are happy because today's work is finished.
Mag-andam kamo sa dalan pirme.	Always be careful on the road.
Dal-a ining pasalubong para sa inyo bata.	Take this gift for your children.
Salamat gid sa inyo kaayo sa amon.	Thank you very much for your kindness to us.
Wala ina sing kabilinggan sa akon.	That is of no concern to me.
Magkitaay kita liwat bwas sa aga.	Let's see each other again tomorrow morning.
Alas-syete kita magasugod ubra.	We will start working at seven o'clock.
Hu-o, maga-abot kami sa oras.	Yes, we will arrive on time.
Maayong gab-i sa inyo tanan.	Good night to you all.
Magtulog kita sing maayo subong.	Let's sleep well now.
Bugtaw kita sa kasanagon sang aga.	We will wake up at the crack of dawn.
Mag-obra kita para sa aton palaabuton.	Let's work for our future.
Ang ihibalo kag ubra amo ang manggad.	Knowledge and work are wealth.
Maayo gid ang aton pag-inupdanay.	Our partnership/companionship is very good.
Indi mag-untat sa pagbinuligay.	Do not stop helping each other.
Masanag ang aton padulungan.	Our destination is bright.
Ginasiling ko sa imo ang matuod.	I am telling you the truth.
Magpati ka sa akon mga plano.	Believe in my plans.
Indi gid ako magbutig sa inyo.	I will never lie to you.
Ambot kon ngaa wala pa nag-abot ang karga.	I don't know why the cargo hasn't arrived yet.
Sin-o ang naghimo sini nga drowing?	Who made this drawing?
Ako ang nagplano sang sining balay.	I was the one who planned this house.
Pasayluha ako kon may kakulangan.	Forgive me if there are shortcomings.
Hu-o, maayo man ang tanan.	Yes, everything is fine.
Salamat sa inyo daku nga pasensya.	Thank you for your great patience.
Kabay pa nga magdugay ining bilding.	I hope this building lasts long.
Paalam na sa inyo subong.	Farewell to you for now.
Tubtob sa liwat naton nga pagkitaay.	Until our next meeting.
Mag-andam kamo sa inyo lakat.	Be careful on your way.
Amen, Dios mag-upod sa aton tanan.	Amen, God be with us all.
Makadto kita sa kapitolyo bwas.	We are going to the capitol tomorrow.
Sin-o ang kapitan sang inyo barangay?	Who is the captain of your barangay?
Nagpirma sia sang kasulatan sa abogado.	He/She signed a document with the lawyer.
May ara kami sing sinapol sa plasa.	We have a meeting at the plaza.
Indi kamo maglapas sa kasuguan.	Do not violate the law.
Kinahanglan naton magbayad sang buhis.	We need to pay taxes.
Diin dampi ang opisina sang mayor?	Where is the mayor's office located?
Nakakuha na ako sang sedula.	I have already obtained a community tax certificate.
May reklamo ang akon kaingod.	My neighbor has a complaint.
Nag-atubang sila sa lupon sang barangay.	They faced the barangay mediation board.
Isulat ang imo panaksi sa papel.	Write your testimony on the paper.
Indi mag-obra sing kinagula sa banwa.	Do not cause a disturbance in town.
Respetuha ang kinamatarung sang iban.	Respect the rights of others.
Pila ang multa sa sining sala?	How much is the fine for this offense?
Dakop sang pulis ang kawatan.	The thief was caught by the police.
Priso na sia sa sulod sang karsel.	He/She is already imprisoned inside the jail.
Magbinuligay kita para sa kalinong.	Let us help each other for peace.
Maugod ang amon mga opisyales.	Our officials are hardworking.
San-o ang adlaw sang eleksyon?	When is the day of the election?
Botante na ako sa sining banwa.	I am already a voter in this town.
Indi magbaligya sang imo boto.	Do not sell your vote.
Matuod gid ang ginasiling sang saksi.	What the witness says is really true.
Pataura ang imo ihibalo sa laye.	Sharpen your knowledge of the law.
Ambot kon sin-o ang naghimo sang sala.	I don't know who committed the offense.
Ako ang nag-ako sang akon kakulangan.	I admitted my shortcoming.
Pasayluha ako sa akon paglapas.	Forgive me for my violation.
Hu-o, ginapatawad ko na ikaw.	Yes, I forgive you already.
Kabay pa nga indi na ini maliwat.	I hope this won't happen again.
Salamat sa imo daku nga pasensya.	Thank you for your great patience.
Wala na sing gamo sa amon lugar.	There is no more trouble in our place.
Malipayon kami sa amon pagpuyo.	We are happy in our living.
Mag-ayuhay kita tanan nga pumuluyo.	Let's all get along as citizens.
Maayo gid ang aton pag-inupdanay.	Our companionship is very good.
Kabay pa nga mag-uswag ang aton banwa.	I hope our town prospers.
Amen, mangin maayo ang tanan.	Amen, everything will be well.
Pila ka tuig ang termino sang mayor?	How many years is the mayor's term?
Tatlo ka tuig ang tagsa ka termino.	Each term is three years long.
Kinahanglan naton sing lisensya sa pag-obra.	We need a license to work/operate.
Ipakita ang imo dokumento sa guard.	Show your documents to the guard.
Bukas ang opisina halin alas-otso.	The office is open from eight o'clock.
Sirado na sila sa hapon.	They are already closed in the afternoon.
Husto gid ang imo gindala nga papel.	The papers you brought are exactly right.
Ibutang ang selyo sa idalom.	Put the seal at the bottom.
Batuna ining sertipiko sang pagkilala.	Accept this certificate of recognition.
Salamat gid sa inyo pag-alagad.	Thank you very much for your service.
Wala ina sing kabilinggan sa amon.	That is of no concern to us.
Mag-andam kamo sa inyo pagpauli.	Be careful on your way home.
Dal-a ining balita sa inyo pamilya.	Take this news to your family.
Masanag ang aton palaabuton subong.	Our future is bright now.
Ang katarungan amo ang manggad.	Justice is wealth.
Indi mag-untat sa pagpangita sang kamatuoran.	Do not stop searching for the truth.
Malayo ang lalakton pakadto sa korte.	It is a long walk to the court.
Ari na ang desisyon sang huwes.	Here is the decision of the judge.
Basaha sing maayo ang direksyon.	Read the directions carefully.
Isulat ang sabat sa tunga sang linya.	Write the answer in the middle of the line.
Tapos na ang oras sang pagboto.	The time for voting is over.
Ihatag ang mga balota sa unahan.	Pass the ballots to the front.
Salamat sa inyo pagpamati sa amon.	Thank you for listening to us.
Maayong hapon sa inyo tanan diri.	Good afternoon to all of you here.
Mag-andam kamo sa pagtabok sa dalan.	Be careful in crossing the road.
Tubtob sa liwat nga pagkitaay naton.	Until we see each other again.
Maayo gid ang inyo ginpakita subong.	What you showed today was very good.
Hu-o, maningkamot pa kami gid.	Yes, we will strive even harder.
Amen, mangin maayo ang komunidad.	Amen, the community will be good.
Sin-o ang nagpirma sining kasugtanan?	Who signed this agreement?
Kami ang nagpirma sa atubang sang saksi.	We signed in front of the witness.
Pila ka kopya ang kinahanglan naton?	How many copies do we need?
Duha ka kopya para sa tagsa-tagsa.	Two copies for each person.
Ibutang ini sa sulod sang sobre.	Put this inside the envelope.
Siraduha ang sobre sing maayo.	Close the envelope properly.
Ipadala ini sa koreo bwas.	Send this to the post office tomorrow.
Tagpila ang selyo pakadto sa Manila?	How much is the stamp to Manila?
Madasig ang pag-abot sang sulat.	The arrival of the letter is fast.
Salamat sa madasig nga pag-alagad.	Thank you for the fast service.
Wala ina sing problema sa amon.	That is no problem for us.
Mag-andam kamo sa inyo lakat pirme.	Always be careful on your way.
Dal-a ang ining mga dokumento.	Take these documents.
Basi malimtan niyo ini sa lamesa.	You might forget these on the table.
Mapuli na kami sa amon balay.	We are going home to our house now.
Malipayon kami kay tapos na ini.	We are happy because this is finished.
Magtulog kamo sing maayo subong.	Sleep well now.
Bugtaw kita sa kasanagon sang aga.	We will wake up at the crack of dawn.
Mag-obra kita para sa aton banwa.	Let us work for our town.
Ang Dios mag-upod sa aton tanan.	God be with us all.
Maayo gid ang aton padulungan.	Our destination is very good.
Indi mag-untat sa pagbinuligay.	Do not stop helping each other.
Masanag ang aton kabuwasan.	Our future is bright.
Ginasiling ko sa inyo ang kamatuoran.	I am telling you the truth.
Magpati kamo sa akon mga hambal.	Believe in my words.
Indi gid ako magbutig sa inyo.	I will never lie to you.
Ambot kon san-o ini matapos.	I don't know when this will end.
Sin-o ang naghimo sining plano?	Who made this plan?
Ako ang naghimo sini para sa inyo.	I made this for you.
Pasayluha ako kon may sala ako.	Forgive me if I have a mistake.
Hu-o, patawad na ang tanan.	Yes, everything is forgiven.
Salamat sa inyo daku nga pasensya.	Thank you for your great patience.
Kabay pa nga magdugay ining kalinong.	I hope this peace lasts long.
Paalam na sa inyo tanan subong.	Farewell to all of you for now.
Tubtob sa liwat naton nga pagkitaay.	Until our next meeting.
Mag-andam kamo sa inyo lakat.	Be careful on your way.
Amen, Dios mag-upod sa aton.	Amen, God be with us.
Malayo pa bala ang inyo banwa?	Is your town still far?
Malapit na lang kita mag-abot.	We are almost there.
Diin dampi ang paradahan sang bus?	Where is the bus terminal located?
Pila ang plete pakadto sa syudad?	How much is the fare to the city?
Sakay na kamo sa dyipney.	Get on the jeepney now.
Para diri lang sa kanto, palihog.	Just here at the corner, please.
Dasig ang dalagan sang sining sa-salakyan.	This vehicle is running fast.
Mahina ang lakat sang trapiko subong.	The traffic is moving slowly right now.
Pila ka oras ang byahe sa barko?	How many hours is the trip by boat?
Malapad ang suba nga aton tabukon.	The river we are crossing is wide.
Mataas ang pampang sang sapa.	The bank of the creek is high.
Kadto kita sa putok-putokan sang bukid.	Let’s go to the peak of the mountain.
Matahum ang lanyog sa kapatagan.	The view in the plains is beautiful.
Madamo sang kurbada ang dalan.	The road has many curves.
Malandog ang dalan kon naga-ulan.	The road is slippery when it rains.
Dal-a ang imo mapa kag kompas.	Bring your map and compass.
Sin-o ang drayber sang sining trak?	Who is the driver of this truck?
May lisensya ka bala sa pagmaneho?	Do you have a license to drive?
Ipakita ang imo ticket sa konduktor.	Show your ticket to the conductor.
San-o ang sunod nga biyahe?	When is the next trip?
Alas-dies sang aga ang lakat.	The departure is at ten in the morning.
Naguba ang makina sang amon de-motor.	Our motorized boat’s engine broke.
Kay-uha ang ruweda sang bisikleta.	Fix the wheel of the bicycle.
Pila ka litro nga gasolina ang kinahanglan?	How many liters of gasoline are needed?
Puno na ang tanan nga lingkuranan.	All the seats are already full.
Wala na sing lugar para sa bagahe.	There is no more room for luggage.
Ibutang ang imo bag sa idalom.	Put your bag underneath.
Hawid ka sing maayo sa kawayan.	Hold on tightly to the bamboo.
Indi ka mag-umpisog sa iban.	Do not crowd/push against others.
Matugnaw ang hangin sa bintana.	The wind from the window is cold.
Mainit gid ang byahe kon udto.	The trip is very hot at noon.
Diin ang pinakamalapit nga gasolinahan?	Where is the nearest gas station?
May bintana bala sa inyo barko?	Is there a window in your boat?
Madalom ang dagat sa sining binit.	The sea is deep on this side.
Mababaw lang ang tubig sa baybay.	The water at the shore is shallow.
Sunda lang ining banas pakadto sa uma.	Just follow this trail to the farm.
Nagtalang kami sa tunga sang kagulangan.	We got lost in the middle of the forest.
Pamangkuton naton ang tawo sa dalan.	Let's ask the person on the road.
Husto gid ang ginasiling sang mapa.	What the map says is exactly right.
Salamat sa pagtudlo sang dalan.	Thank you for showing the way.
Wala ina sing problema sa amon.	That is no problem for us.
Mag-andam kamo sa pagtabok.	Be careful in crossing.
Magpreno ka kon may naga-agi.	Brake if someone is passing.
Masanag ang mga suga sa dalan.	The street lights are bright.
Madulom ang eskinita sa likod.	The alleyway at the back is dark.
Pila ka kilometro ang distansya?	How many kilometers is the distance?
Isá ka oras ang lakat kon madasig.	It’s a one-hour walk if fast.
Kapoy na ang akon batiis sa lakat.	My calves are tired from walking.
Pahuway anay kita sa idalom sang puno.	Let’s rest for a while under the tree.
Inom ka sang tubig halin sa pitser.	Drink water from the pitcher.
Namit ang hangin diri sa ibabaw.	The air here at the top is pleasant.
Malipayon kami sa amon pag-abot.	We are happy upon our arrival.
Ari na kami sa amon padulungan.	We are now at our destination.
Diin mo ginbutang ang amon gamit?	Where did you put our things?
Isulod ang tanan sa bag-o nga sako.	Put everything inside the new sack.
Mabug-at ining karga nga asukar.	This load of sugar is heavy.
Magang-an lang ang akon maleta.	My suitcase is just light.
Kabay pa nga mangin maayo ang byahe.	I hope the trip will be good.
Amen, salamat sa imo pag-unong.	Amen, thank you for your company.
Mag-upod kita liwat sa masunod.	Let's go together again next time.
Pila ang ibayad ko sa imo?	How much should I pay you?
Husto na ang beinte pesos.	Twenty pesos is enough.
Ari ang akon plete sa dyip.	Here is my jeepney fare.
Batuna ining gamay nga sukli.	Accept this small change.
Salamat gid sa husto nga pag-isip.	Thank you very much for the correct counting.
Mag-andam ka pirme sa imo lakat.	Always be careful on your way.
Dal-a ang imo kapúti basi mag-ulan.	Bring your raincoat in case it rains.
Daw magal-um na ang langit.	The sky is starting to get cloudy.
Mapuli na kita antes mag-gab-i.	Let’s go home before it gets dark.
Malayo pa ang lalakton pakadto sa balay.	The walk to the house is still far.
Dasiga ang imo lakat subong.	Quicken your pace now.
Ari na ang pultahan sang amon ugsaran.	Here is the gate of our yard.
Buksi ang kudal para sa karusa.	Open the fence for the cart.
Malipayon kami kay nakauli na kami.	We are happy because we are home.
Magpahuway kita sing maayo subong.	Let’s rest well now.
Maayong gab-i sa inyo tanan.	Good night to you all.
Bugtaw kita bwas sa kasanagon.	We will wake up at dawn tomorrow.
Mag-obra kita para sa aton pamilya.	Let’s work for our family.
Ang ihibalo amo ang aton giya.	Knowledge is our guide.
Maayo gid ang aton palaabuton.	Our future is very good.
Indi mag-untat sa pagpanakayon.	Do not stop journeying.
Masanag ang aton padulungan bwas.	Our destination tomorrow is bright.
Ginasiling ko sa imo ang kamatuoran.	I am telling you the truth.
Magpati ka sa akon mga hambal.	Believe in my words.
Indi gid ako magbutig sa imo.	I will never lie to you.
Ambot kon san-o pa kita magbalik.	I don't know when we will return.
Sin-o ang kaupod mo sa biyahe?	Who was your companion on the trip?
Ako lang isa ang nagbiyahe diri.	I was the only one who traveled here.
Pasayluha ako kon nadugayan ako.	Forgive me if I was delayed.
Hu-o, maayo man ang tanan.	Yes, everything is fine.
Salamat sa inyo daku nga pasensya.	Thank you for your great patience.
Kabay pa nga mangin hilway kita.	I hope we will be free/safe.
Paalam na sa inyo subong.	Farewell to you for now.
Tubtob sa liwat naton nga pagkitaay.	Until our next meeting.
Mag-andam kamo sa inyo lakat.	Be careful on your way.
Amen, Dios mag-upod sa aton.	Amen, God be with us.
